ID,Sample ID,Sample location,Date,Time,Weather desc,Surface_Temp,Bottom_Temp,Air_Temp,Hours before high tide,Surface_Salinity,Bottom Salinity,Secchi Depth,
3,012599,N. Bay sta. 2,25-Jan-99,7:30,,0,0,0,0,,,,
4,020199,N. Bay sta. 2,1-Feb-99,7:30,,2.25,2.5,0,0,,,,
5,020899,N. Bay sta. 2,8-Feb-99,7:30,,0,0,0,0,,,,
6,021599,N. Bay sta. 2,15-Feb-99,7:30,,0,0,0,0,,,,
7,022299,N. Bay sta. 2,22-Feb-99,7:30,,0,0,0,0,,,,
8,030199,N. Bay sta. 2,1-Mar-99,7:30,,0,0,0,11.75,,,,
9,031099,N. Bay sta. 2,10-Mar-99,7:30,,0,0,0,5.25,,,,
10,031699,GSO Dock,16-Mar-99,9:15,,0,0,0,9.75,,,,
11,032499,N. Bay sta. 2,24-Mar-99,7:45,,5.75,6,0,4.75,,,,
12,032999,N. Bay sta. 2,29-Mar-99,7:30,,6.25,6.75,0,10.5,,,,
13,040599,N. Bay sta. 2,5-Apr-99,7:30,,7,6.75,0,9.25,,,,
14,041299,N. Bay sta. 2,12-Apr-99,7:30,,0,0,0,10.5,,,,
15,041999,N. Bay sta. 2,19-Apr-99,7:30,,0,0,0,9.25,,,,
16,042699,N. Bay sta. 2,26-Apr-99,7:30,,0,0,0,10.5,,,,
17,050399,N. Bay sta. 2,3-May-99,7:30,Very windy rough conditions,11,11,0,4,,,,
1,051099,N. Bay sta. 2,10-May-99,7:45,Calm clear sunny,12.5,11,0,8.75,,,,
28,WP7May99,Way point 7 N. Bay,11-May-99,,,,,,,,,,
2,051799,N. Bay sta. 2,17-May-99,7:45,Slight wind clear cool,13.75,13.75,0,2.5,,,,
18,052699,N. Bay sta. 2,26-May-99,8:30,Clear windy,15.5,15.8,19,9.75,,,,
19,053199,N. Bay sta. 2,31-May-99,12:30,Warm very sunny,19.7,17.1,26.7,9,,,,
20,060799,N. Bay sta. 2,7-Jun-99,7:30,Sunny calm very little wind,18.7,17,26,7.5,,,,
29,WP7Jun99,Way point 7 N. Bay,10-Jun-99,,,,,,,,,,
30,WP26Jun99,Way point 26 N. Bay,10-Jun-99,,,,,,,,,,
21,061499,N. Bay sta. 2,14-Jun-99,7:45,"Calm, no wind, light rain",19.3,18.8,23.3,1,,,,
22,062199,N. Bay sta. 2,21-Jun-99,7:45,"Very calm, no wind, overcast",19.2,18.4,18,7.5,,,,
23,062899,N. Bay sta. 2,28-Jun-99,7:45,"Foggy, overcast, windy with a slight chop",20.9,20.2,24,0.5,29.2,,,
24,070599,N. Bay sta. 2,5-Jul-99,7:45,"sunny slight wind, hot",23,22.4,29.5,5.75,30.5,,,
27,WP26Jul99,Way point 26 N. Bay,9-Jul-99,,,,,,,,,,
25,071299,N. Bay sta. 2,12-Jul-99,7:45,"calm slight wind, sunny, dry",20.6,20.6,19.5,0,31,,,
26,071999,N. Bay sta. 2,19-Jul-99,7:45,"calm, foggy, very humid, no wind",22.8,21.4,25.4,6,,,,
32,072699,N. Bay sta. 2,26-Jul-99,7:45,windy foggy humid,22.4,23.5,22.7,0.75,30.2,,,
33,080299,N. Bay sta. 2,2-Aug-99,7:45,sunny breezy warm,23.5,23.3,,4.5,31,,,
34,080999,N. Bay sta. 2,9-Aug-99,7:45,sunny breezy warm,23,22.6,,11.5,31.3,,,
35,081999,N. Bay sta. 2,19-Aug-99,14:20,sunny warm breezy,,,,0.5,30.8,,,
38,082399,N. Bay sta. 2,23-Aug-99,13:00,"Sunny, warm, windy",23.00,23,,5,30.9,,,
39,090299,GSO Dock,2-Sep-99,16:00,"light breeze, sunny, warm",,,,10,,,,
40,091099,GSO Dock,10-Sep-99,16:00,rainy and windy,,,,,,,,
41,091599,N. Bay sta. 2,15-Sep-99,7:45,"overcast, warm",22,22,,,,,,
42,092099,N. Bay sta. 2,20-Sep-99,8:00,partly cloudy calm,20,20.25,,9,,,,
43,092799,N. Bay sta. 2,27-Sep-99,8:00,sunny,19,19.25,,2,,,,
44,100699,N. Bay sta. 2,6-Oct-99,8:00,"chilly, clear",16.5,17,,10.5,,,,
45,101199,N. Bay sta. 2,11-Oct-99,8:00,"clear, warm, light breeze",16.75,16.75,,1.5,,,,
46,101899,N. Bay sta. 2,18-Oct-99,8:00,"windy, rainy, cool",16,16,,7.25,,,,
47,102599,N. Bay sta. 2,25-Oct-99,8:00,"cool, clear, steady breeze",13.5,13.4,,0.5,,,,
48,110199,N. Bay sta. 2,1-Nov-99,8:00,clear calm cool,13.5,14,,6.25,,,,
49,110899,N. Bay sta. 2,8-Nov-99,8:00,,11.5,11.75,,11.75,,,,
50,111599,N. Bay sta. 2,15-Nov-99,8:00,,10.25,10.5,,4.5,,,,
51,112299,N. Bay sta. 2,22-Nov-99,8:00,,10.25,10.5,,11,,,,
52,120199,N. Bay sta. 2,1-Dec-99,8:00,high winds,7,7,,6.75,,,,
53,120699,N. Bay sta. 2,6-Dec-99,8:00,rainy,8.75,9,,10.75,,,,
54,121399,N. Bay sta. 2,13-Dec-99,8:00,"chilly, partly cloudy",7,7,,3.25,,,,
55,122299,N. Bay sta. 2,22-Dec-99,8:00,,6.5,6.75,,11.5,,,,
56,122799,N. Bay sta. 2,27-Dec-99,8:00,,4.5,4,,3.5,,,,
57,010300,N. Bay sta. 2,3-Jan-00,8:00,,5,5,,9.5,,,,
58,011000,N. Bay sta. 2,10-Jan-00,8:00,,5.25,5,,2,,,,
59,011900,N. Bay sta. 2,19-Jan-00,8:00,,-1,0.5,,10.25,,,,
60,012800,GSO Dock,28-Jan-00,14:30,,,,,5.5,,,,
61,020200,N. Bay sta. 2,2-Feb-00,8:00,,,,,10,,,,
62,020700,N. Bay sta. 2,7-Feb-00,8:00,,1,0.5,,1,,,,
63,021600,N. Bay sta. 2,16-Feb-00,8:00,,2,2,,9,,,,
64,022100,N. Bay sta. 2,21-Feb-00,8:00,,1.5,1.6,,1,,,,
65,022800,N. Bay sta. 2,28-Feb-00,8:00,,4.5,3.75,,6.75,33,,,
66,030600,N. Bay sta. 2,6-Mar-00,8:00,,4,3.75,,0,,,,
67,031500,N. Bay sta. 2,15-Mar-00,8:00,,5.5,5,,8,34,34.5,,
68,032000,N. Bay sta. 2,20-Mar-00,8:00,,4.75,4.5,,12,33,,,
69,032700,N. Bay sta. 2,27-Mar-00,8:00,,6.5,6,,5,33.5,34,,
70,040300,N. Bay sta. 2,3-Apr-00,8:00,,8,7.25,,12,32.5,33.1,,
71,041200,N. Bay sta. 2,12-Apr-00,8:00,,9,8.25,,7.5,31.7,32.7,,
72,041700,N. Bay sta. 2,17-Apr-00,8:00,,9,8.75,,12,31.7,31.6,,
73,042400,N. Bay sta. 2,24-Apr-00,8:00,,8.25,7.75,,5.5,29.36,32.99,,
74,050100,N. Bay sta. 2,1-May-00,8:00,,9.25,8.25,,10.75,29.49,32.85,,
75,051000,N. Bay sta. 2,10-May-00,8:00,,13.25,12.75,,6.25,31.09,31.68,,
76,051500,N. Bay sta. 2,15-May-00,8:00,,13.5,13,,10.75,30.03,32.99,,
77,052200,N. Bay sta. 2,22-May-00,8:00,,13.5,12.75,,3.5,29.85,31.9,,
78,053100,N. Bay sta. 2,31-May-00,8:00,,14.5,13,,11,27.93,31.01,,
79,060500,N. Bay sta. 2,5-Jun-00,8:00,,16,15.5,,3,32.12,32.13,,
80,061400,N. Bay sta. 2,14-Jun-00,8:00,,16.75,15.5,,11,26.66,30.84,,
81,061900,N. Bay sta. 2,19-Jun-00,8:00,,19,17,,2.25,28.98,30.88,,
82,062600,N. Bay sta. 2,26-Jun-00,8:00,overcast,20.5,18.5,,8,29.87,30.95,,
83,070600,N. Bay sta. 2,6-Jul-00,10:30,,22,21.5,,2,30.01,30.88,,
84,071300,N. Bay sta. 2,13-Jul-00,8:00,,22,20.8,,12.5,30.36,31.26,,
85,071700,N. Bay sta. 2,17-Jul-00,8:00,,21.5,21,,1,30.47,30.95,,
86,072400,N. Bay sta. 2,24-Jul-00,8:00,,21.5,21.5,,6.5,30.55,30.73,,
87,073100,N. Bay sta. 2,31-Jul-00,,,21,21,,0.5,30.16,30.7,,
88,080700,N. Bay sta. 2,7-Aug-00,8:00,,22,21.5,,5.75,30,30.5,,
89,081600,N. Bay sta. 2,16-Aug-00,8:00,,21,21,,1.5,28.5,29.3,,
90,082100,N. Bay sta. 2,21-Aug-00,8:00,,20,20,,5,30.1,30.1,,
91,082800,N. Bay sta. 2,28-Aug-00,8:00,,21,20,,11.75,31.4,31.4,,
92,090400,N. Bay sta. 2,4-Sep-00,8:00,,22,22,,5,30.3,30.8,,
93,091100,N. Bay sta. 2,11-Sep-00,8:00,,21,20,,11,30.1,30.1,,
94,091800,N. Bay sta. 2,18-Sep-00,8:00,,19,19,,3.75,30.7,30.7,,
95,092500,N. Bay sta. 2,25-Sep-00,8:00,,18,18,,10.75,30.2,30.4,,
96,100200,N. Bay sta. 2,2-Oct-00,8:00,,16.5,16.5,,4,29.5,29.8,,
97,101100,N. Bay sta. 2,11-Oct-00,8:00,,15,14,,13,30,30,,
98,101800,N. Bay sta. 2,18-Oct-00,8:00,,14,14,,4,30.5,30.5,,
99,102300,N. Bay sta. 2,23-Oct-00,8:00,,13,13,,11.5,30.9,30.9,,
100,103000,N. Bay sta. 2,30-Oct-00,8:00,,12,12,,1.5,30.4,30.4,,
101,110600,N. Bay sta. 2,6-Nov-00,8:00,,10,10,,7.5,30.5,30.6,,
102,111300,N. Bay sta. 2,13-Nov-00,8:00,,11.3,11.2,,0.5,30.1,30.2,,
103,112000,N. Bay sta. 2,20-Nov-00,8:00,,9.4,9.2,,5,30.9,31.1,,
104,112700,N. Bay sta. 2,27-Nov-00,8:00,,7.2,,,0.25,30.1,30.5,,
122,120400,N. Bay sta. 2,4-Dec-00,8:00,,4,4,,,29.9,30.1,,
123,121100,N. Bay sta. 2,11-Dec-00,8:00,,4,4,,,29.9,30.1,,
124,121800,N. Bay sta. 2,18-Dec-00,8:00,,4,4,,,29.7,29.7,,
125,122800,N. Bay sta. 2,28-Dec-00,8:00,,0.5,0.5,,,29,29.4,,
126,010301,N. Bay sta. 2,3-Jan-01,8:00,,-1,0,,,28.5,29.3,,
127,010801,N. Bay sta. 2,8-Jan-01,8:00,,1.5,1.9,,,29.7,30.3,,
128,011501,N. Bay sta. 2,15-Jan-01,8:00,,1,1,,,30.3,30.3,,
129,012201,N. Bay sta. 2,22-Jan-01,8:00,,0.9,1.2,,,29.5,29.7,,
130,012901,N. Bay sta. 2,29-Jan-01,8:00,,1.8,1.6,,,29.9,29.9,,
131,020701,N. Bay sta. 2,7-Feb-01,8:00,,2.2,2.2,,,28.6,29,,
132,021201,N. Bay sta. 2,12-Feb-01,8:00,,1.6,1.4,,,30.3,30.3,,
133,021901,N. Bay sta. 2,19-Feb-01,8:00,,1.1,2.2,,,28.1,29,,
134,022601,N. Bay sta. 2,26-Feb-01,8:00,,2.6,2.4,,,28.5,29.1,,
118,030801,GSO Dock,8-Mar-01,8:00,,,,,,28.7,0,,
119,031401,N. Bay sta. 2,14-Mar-01,8:00,,3.3,3,,,28.7,29.9,,
120,031901,N. Bay sta. 2,19-Mar-01,8:00,,5.1,3.8,,,27.5,29,,
121,032601,N. Bay sta. 2,26-Mar-01,8:00,,4.4,4.4,,,27.1,28.7,,
105,040201,N. Bay sta. 2,2-Apr-01,8:00,,,,,,,0,,
106,040901,N. Bay sta. 2,9-Apr-01,8:00,,6,5.2,,,25.7,28.7,,
107,042001,N. Bay sta. 2,20-Apr-01,8:00,,7.6,6.2,,,26.7,29.9,,
108,042301,N. Bay sta. 2,23-Apr-01,8:00,,9.4,7.8,,,,0,,
109,043001,N. Bay sta. 2,30-Apr-01,8:00,,10.4,9.3,,,26.9,28.6,,
110,050701,N. Bay sta. 2,7-May-01,8:00,,11.7,11.7,,,27.7,28.9,,
111,051401,N. Bay sta. 2,14-May-01,8:00,,14.6,13.9,,,28.3,29.1,,
112,052101,N. Bay sta. 2,21-May-01,8:00,,13,12.5,,,30.3,30.7,,
113,052901,N. Bay sta. 2,29-May-01,8:00,,14.3,13.9,,,14.3,13.9,,
114,060401,N. Bay sta. 2,4-Jun-01,8:00,,,,,,,0,,
115,061201,N. Bay sta. 2,12-Jun-01,8:00,,,,,,,0,,
116,061901,N. Bay sta. 2,19-Jun-01,8:00,,22.1,17.5,,,27.3,30.3,,
117,062501,N. Bay sta. 2,25-Jun-01,8:00,,21.3,19.7,,,27.5,29.3,,
135,070201,N. Bay sta. 2,2-Jul-01,8:00,,20.3,19.5,,,29.7,30.3,,
136,070901,N. Bay sta. 2,9-Jul-01,8:00,"overcast, hazy",20.1,19.5,,,29.3,29.7,,
137,071601,N. Bay sta. 2,16-Jul-01,8:00,mostly sunny,21.4,19,,,29.1,30.7,,
138,072301,N. Bay sta. 2,23-Jul-01,8:00,,20.6,20.1,,,29.9,30.3,,
139,073001,N. Bay sta. 2,30-Jul-01,8:00,,21.4,20.6,,,29.7,30.2,,
140,080601,N. Bay sta. 2,6-Aug-01,8:00,,22.5,21.1,,,29.7,30.1,,
141,081301,N. Bay sta. 2,13-Aug-01,8:00,overcast,23.9,22.6,,,28.9,30.1,,
142,082001,N. Bay sta. 2,20-Aug-01,8:00,overcast,21.8,21.5,,,30.3,30.5,,
143,082701,N. Bay sta. 2,27-Aug-01,8:00,,22.6,21.8,,,30.7,30.9,,
144,090501,N. Bay sta. 2,5-Sep-01,8:00,"mostly sunny, warm, windy",21.6,21.3,,,31.3,31.3,,
145,091001,N. Bay sta. 2,17-Sep-01,8:00,,21.8,21.2,,,30.5,30.8,,
146,091701,N. Bay sta. 2,17-Sep-01,8:00,,19.7,19.4,,,30.1,30.1,,
147,092401,N. Bay sta. 2,24-Sep-01,8:00,,20.7,20,,,30.2,30.3,,
148,100101,N. Bay sta. 2,1-Oct-01,8:00,,17.5,17,,,30.1,30.1,,
149,100801,N. Bay sta. 2,8-Oct-01,8:00,,16,15.2,,,29.8,29.8,,
150,101501,N. Bay sta. 2,15-Oct-01,8:00,,16.2,16.2,,,30.9,30.6,,
151,102201,N. Bay sta. 2,22-Oct-01,8:00,,15.1,15.3,,,31,31,,
152,102901,N. Bay sta. 2,29-Oct-01,8:00,,12.8,13.1,,,31,31.4,,
153,110501,,5-Nov-01,8:00,,13,12.9,,,30.9,31.1,,
154,111201,N. Bay sta. 2,12-Nov-01,8:00,,10,9.8,,,30.6,30.6,,
155,111901,N. Bay sta. 2,19-Nov-01,8:00,,9.9,9.8,,,31.8,31.8,,
156,112601,N. Bay sta. 2,26-Nov-01,8:00,,9.4,10.1,,,30.4,31.4,,
157,120301,N. Bay sta. 2,3-Dec-01,8:00,,10.2,10.2,,,31.4,31.4,,
158,121001,N. Bay sta. 2,10-Dec-01,8:00,,8.4,8.7,,,28.9,31.3,,
159,121701,N. Bay sta. 2,17-Dec-01,8:00,,7.9,7.9,,,29.1,31.3,,
160,122701,N. Bay sta. 2,27-Dec-01,8:00,,5,4.8,,,30.6,30.6,,
161,123101,N. Bay sta. 2,31-Dec-01,8:00,,4.6,3.5,,,31.1,31.1,,
162,010702,N. Bay sta. 2,7-Jan-02,8:00,,3,3,,,31.1,31.1,,
163,011402,N. Bay sta. 2,14-Jan-02,8:00,,3.2,3.1,,,31.3,31.2,,
164,012102,N. Bay sta. 2,21-Jan-02,8:00,,1.4,2.5,,,30.6,31,,
165,012802,N. Bay sta. 2,28-Jan-02,8:00,,4,4.1,,,,,,
166,020402,N. Bay sta. 2,4-Feb-02,8:00,,3.3,3.8,,,30.7,30.7,,
167,021102,N. Bay sta. 2,11-Feb-02,8:00,,4.2,4.2,,,,,,
168,021802,N. Bay sta. 2,18-Feb-02,8:00,,3.3,3.2,,,,,,
169,022502,N. Bay sta. 2,25-Feb-02,8:00,,4.3,4.4,,,30.5,30.7,,
170,030402,N. Bay sta. 2,4-Mar-02,8:00,,5.2,5.1,,,31.3,31.3,,
171,031102,N. Bay sta. 2,11-Mar-02,8:00,,5.4,5.4,,,31.7,32.2,,
172,031802,N. Bay sta. 2,18-Mar-02,8:00,,6,5.8,,,31.5,31.7,,
173,032502,N. Bay sta. 2,25-Mar-02,8:00,,6,5.3,,,30.3,30.3,,
174,040102,N. Bay sta. 2,1-Apr-02,8:00,,7.2,6.9,,,28.7,29.7,,
175,040802,N. Bay sta. 2,8-Apr-02,8:00,,7,6.6,,,29.1,30.9,,
176,041502,N. Bay sta. 2,15-Apr-02,8:00,,10.5,9.2,,,29.8,30.4,,
177,042202,N. Bay sta. 2,22-Apr-02,8:00,,11.8,10.7,,,32.3,33.3,,
178,042902,N. Bay sta. 2,29-Apr-02,8:00,,9.7,9.6,,,30.1,30.5,,
179,050602,N. Bay sta. 2,6-May-02,8:00,,11.2,10.8,,,30.3,30.7,,
180,051302,N. Bay sta. 2,13-May-02,8:00,,12.3,12.1,,,29.7,29.9,,
181,052202,N. Bay sta. 2,22-May-02,8:00,,11.9,11.4,,,28.5,30.1,,
182,052702,N. Bay sta. 2,27-May-02,8:00,,13.7,13.4,,,29.4,29.9,,
183,060302,,3-Jun-02,8:00,,15.8,15.1,,,29.5,30.1,,
184,061002,N. Bay sta. 2,10-Jun-02,8:00,,16.7,15,,,28.3,29.8,,
185,061702,N. Bay sta. 2,17-Jun-02,8:00,,15.9,15.4,,,28.3,29.7,,
186,062402,N. Bay sta. 2,24-Jun-02,,,19.4,18.1,,,29.7,30.3,,
187,070102,N. Bay sta. 2,1-Jul-02,8:00,,21.4,19.8,,,29.5,30.5,,
188,070902,N. Bay sta. 2,9-Jul-02,8:00,,21.6,18.9,,,30.3,31.1,,
189,071502,N. Bay sta. 2,15-Jul-02,8:00,,21,20,,,30.7,30.9,,
190,072202,N. Bay sta. 2,22-Jul-02,8:00,,21.6,21.3,,,30.1,29.9,,
191,072902,N. Bay sta. 2,29-Jul-02,8:00,,21.9,21.3,,,30.7,31.1,,
192,080502,N. Bay sta. 2,5-Aug-02,8:00,,24.8,21.8,,,31.1,31.3,,
193,081202,N. Bay sta. 2,12-Aug-02,8:00,,22.3,22.3,,,31.1,31.3,,
194,081902,N. Bay sta. 2,19-Aug-02,8:00,,24.5,23.3,,,31.3,31.3,,
195,082702,GSO Dock,27-Aug-02,8:00,,22.3,,,,31.3,0,,
196,090602,GSO Dock,6-Sep-02,8:00,,20.5,,,,31.3,0,,
197,091102,N. Bay sta. 2,11-Sep-02,8:00,,21.8,21.4,,,31.1,31.1,,
198,091602,N. Bay sta. 2,16-Sep-02,8:00,,20.8,20.6,,,31.4,31.8,,
199,092302,N. Bay sta. 2,23-Sep-02,8:00,,21.2,20.9,,,31.3,31.5,,
200,093002,N. Bay sta. 2,30-Sep-02,8:00,,19.9,19,,,30.3,31.1,,
201,100702,N. Bay sta. 2,7-Oct-02,8:00,,18.8,18.8,,,31.3,31.3,,
202,101502,N. Bay sta. 2,15-Oct-02,8:00,,15.4,15.4,,,30.7,30.7,,
203,102102,N. Bay sta. 2,21-Oct-02,,,14.6,14.5,,,31.3,31.3,,
204,102802,N. Bay sta. 2,28-Oct-02,8:00,,12,12,,,30.5,30.5,,
205,110402,N. Bay sta. 2,4-Nov-02,8:00,,10.3,10.6,,,31.3,31.2,,
206,111102,N. Bay sta. 2,11-Nov-02,8:00,,11.5,11.8,,,31.5,31.7,,
207,111802,N. Bay sta. 2,18-Nov-02,8:00,,9.4,9.5,,,30.3,30.5,,
208,112502,N. Bay sta. 2,25-Nov-02,8:00,,8.3,8.4,,,30.1,30.5,,
209,120202,N. Bay sta. 2,2-Dec-02,8:00,,6.3,6.5,,,30.7,31.1,,
210,120902,N. Bay sta. 2,9-Dec-02,8:00,,3.4,3.2,,,30.9,30.7,,
211,121602,N. Bay sta. 2,16-Dec-02,8:00,,4.1,5.9,,,29.3,31.3,,
212,122002,N. Bay sta. 2,20-Dec-02,8:00,,4.5,5.5,,,30.1,30.9,,
213,010303,N. Bay sta. 2,3-Jan-03,8:00,,3.9,4.2,,,28.9,29.7,,
214,010603,N. Bay sta. 2,6-Jan-03,,,3.5,4.2,,,28.9,29.3,,
215,011303,N. Bay sta. 2,13-Jan-03,8:00,,2.8,3.5,,,30.5,31.1,,
216,012003,N. Bay sta. 2,20-Jan-03,8:00,,1,1,,,30.4,30.6,,
217,012703,N. Bay sta. 2,27-Jan-03,8:00,,-1.5,-1.5,,,30.8,30.8,,
218,020303,N. Bay sta. 2,3-Feb-03,8:00,,0.3,0.8,,,30.2,31,,
219,021003,N. Bay sta. 2,10-Feb-03,8:00,,0.8,1.6,,,30.9,31.5,,
220,022003,N. Bay sta. 2,20-Feb-03,,,-1,-0.2,,,,0,,
221,022403,N. Bay sta. 2,24-Feb-03,8:00,,0.2,0.5,,,29.9,30.3,,
222,030303,N. Bay sta. 2,3-Mar-03,8:00,,0.3,0.3,,,29.9,30.4,,
223,031003,N. Bay sta. 2,10-Mar-03,8:00,,0.4,0.4,,,29.7,30.2,,
224,031903,N. Bay sta. 2,19-Mar-03,,,3.2,3.1,,,28.2,28.4,,
225,032403,N. Bay sta. 2,24-Mar-03,,,4.8,4.8,,,25.8,28.2,,
226,033103,N. Bay sta. 2,31-Mar-03,8:00,,6.3,5.7,,,27.3,28.9,,
227,040903,N. Bay sta. 2,9-Apr-03,8:00,,3.6,3.6,,,27.9,28.3,,
228,041403,N. Bay sta. 2,14-Apr-03,,,,5.1,4,,,,,
229,042303,N. Bay sta. 2,23-Apr-03,,,8.5,7.5,,,26.6,28.6,,
230,042803,N. Bay sta. 2,28-Apr-03,,,8.5,8,,,25.8,28.6,,
231,050503,N. Bay sta. 2,5-May-03,8:00,,11.9,9.1,,,26,29.7,,
232,051203,N. Bay sta. 2,12-May-03,8:00,,11.1,10.1,,,28.4,29.2,,
233,052103,N. Bay sta. 2,21-May-03,8:00,,12.9,11.8,,,29.1,30.1,,
234,052803,Station 2,28-May-03,7:00,,12.3,11.9,,,,0,,
241,060403,N. Bay sta. 2,4-Jun-03,8:00,,14.1,13,,,29.82,,,
242,060903,N. Bay sta. 2,9-Jun-03,8:00,,15.9,14.9,,,27.1,29.1,,
244,061603,N. Bay sta. 2,16-Jun-03,8:00,,15.5,,,,29.5,,,
243,062303,N. Bay sta. 2,23-Jun-03,8:00,,16.9,16.2,,,,,,
245,063003,N. Bay sta. 2,30-Jun-03,8:00,,19.9,16.8,,,,,,
246,070903,N. Bay sta. 2,9-Jul-03,8:00,,23,18.3,,,26.54,0,,
247,071403,N. Bay sta. 2,14-Jul-03,8:00,,20.4,18.4,,,,,,
248,072103,N. Bay sta. 2,21-Jul-03,8:00,,22,18.9,,,,,,
249,072803,N. Bay sta. 2,28-Jul-03,8:00,,22,21,,,,,,
250,080403,N. Bay sta. 2,4-Aug-03,8:00,,23,21.5,,,,,,
251,081303,N. Bay sta. 2,13-Aug-03,8:00,,24.5,22.5,,,27.91,,,
252,082003,N. Bay sta. 2,20-Aug-03,8:00,,22.8,21.6,,,27.69,,,
253,082703,N. Bay sta. 2,27-Aug-03,8:00,,21.8,19.2,,,27.94,,,
254,090303,N. Bay sta. 2,3-Sep-03,8:00,,19,19,,,29.68,,,
237,091003,N. Bay sta. 2,10-Sep-03,7:00,,19.4,19.2,,,,0,,
256,091703,N. Bay sta. 2,17-Sep-03,8:00,,20.2,20,,,31,32.2,,
257,092403,N. Bay sta. 2,24-Sep-03,8:00,,19.6,19.4,,,,,,
258,092903,N. Bay sta. 2,29-Sep-03,8:00,,20.3,20.1,,,30.8,31.8,,
259,100803,N. Bay sta. 2,8-Oct-03,8:00,,17.1,16.9,,,26.5,26.7,,
260,101503,N. Bay sta. 2,15-Oct-03,8:00,,16.5,16.3,,,27,27,,
261,102203,N. Bay sta. 2,22-Oct-03,8:00,,14,13.6,,,29.5,30.5,,
262,102903,N. Bay sta. 2,29-Oct-03,8:00,,13.7,13.3,,,29,31.2,,
263,110303,N. Bay sta. 2,3-Nov-03,8:00,,13.8,13.6,,,29,31.5,3.75,
264,111003,N. Bay sta. 2,10-Nov-03,8:00,,11.2,11.4,,,30.1,31.3,3,
265,111703,N. Bay sta. 2,17-Nov-03,8:00,,8.2,9.6,,,,32.6,3.25,
266,112403,N. Bay sta. 2,24-Nov-03,8:00,,9.6,9.2,,,29.6,30.2,3,
267,120103,N. Bay sta. 2,1-Dec-03,8:00,,8.8,8.8,,,31.3,31.3,3,
268,120903,N. Bay sta. 2,9-Dec-03,8:00,after snow storm,3.4,4.4,,,29.3,31.2,2.75,
269,121503,N. Bay sta. 2,15-Dec-03,8:00,,3.6,4,,,,,3.25,
270,123003,N. Bay sta. 2,30-Dec-03,8:00,,5,5.6,,,,,3.5,
271,010504,N. Bay sta. 2,5-Jan-04,8:00,,4.6,5.2,,,28.5,30.3,3,
272,011404,N. Bay sta. 2,14-Jan-04,8:00,,0,0.4,,,28.7,,2.5,
273,012104,N. Bay sta. 2,21-Jan-04,8:00,,0,0,,,29.1,29.7,2.5,
274,012904,GSO Dock,29-Jan-04,8:00,,,,,,,,2.5,
275,020404,N. Bay sta. 2,4-Feb-04,8:00,,-1,0,,,30,30.2,3,
276,020904,N. Bay sta. 2,9-Feb-04,8:00,,0,0,,,,,2.75,
277,021604,N. Bay sta. 2,16-Feb-04,8:00,,-1,0.2,,,,,3.25,
278,022304,N. Bay sta. 2,23-Feb-04,8:00,,1.5,1.5,,,29.9,29.9,3.25,
279,030104,N. Bay sta. 2,1-Mar-04,8:00,,2.8,2.8,,,31.3,31.5,3.5,
280,031204,N. Bay sta. 2,12-Mar-04,8:00,,3.8,4,,,29.6,31.8,3.8,
281,031804,GSO Dock,18-Mar-04,8:00,,,,0,,,,,
282,032204,N. Bay sta. 2,22-Mar-04,8:00,,3,2.8,,,30.7,31.3,3.25,
283,032904,N. Bay sta. 2,29-Mar-04,8:00,,4.8,4.8,,,27.8,28.6,2.7,
284,040504,N. Bay sta. 2,5-Apr-04,8:00,,4.5,,,,,0,3,
286,041404,N. Bay sta. 2,14-Apr-04,8:00,,7,,,,28.5,,3.5,
287,041904,N. Bay sta. 2,19-Apr-04,8:00,,8.1,6.6,,,28.5,30.1,3,
288,042604,N. Bay sta. 2,26-Apr-04,,,8.7,7.8,,,29.2,30.7,,
289,050304,N. Bay sta. 2,3-May-04,8:00,,9.9,9.9,,,29.8,31.4,3.75,
290,051004,N. Bay sta. 2,10-May-04,8:00,,11.7,10.8,,,28.4,30.4,3,
291,051704,N. Bay sta. 2,17-May-04,8:00,,15.2,14,,,28,30.5,3.1,
292,052404,N. Bay sta. 2,24-May-04,8:00,,15.4,,,,28.9,31.1,2.8,
293,060104,N. Bay sta. 2,1-Jun-04,8:00,,14,13.4,,,30.7,32,2.5,
294,060704,N. Bay sta. 2,7-Jun-04,8:00,,15,14.8,,,28.2,28.5,2.8,
295,061504,N. Bay sta. 2,15-Jun-04,8:00,,16.6,16.4,,,30,30.4,2.5,
296,062104,N. Bay sta. 2,21-Jun-04,8:00,,18.8,17,,,30,30.5,3.1,
297,062804,N. Bay sta. 2,28-Jun-04,8:00,,18.6,17,,,30.5,31,2,
298,070604,N. Bay sta. 2,6-Jul-04,8:00,,20.2,20,,,29.5,30.1,2.75,
299,071204,N. Bay sta. 2,12-Jul-04,8:00,,22,19.4,,,30.3,32,2.25,
306,071904,N. Bay sta. 2,19-Jul-04,8:00,,21.8,21,,,30.4,31,2,
307,072604,N. Bay sta. 2,26-Jul-04,8:00,,21.8,21.6,,,30.4,31,2.25,
300,080204,N. Bay sta. 2,2-Aug-04,8:00,,22.3,21.9,,,29.8,30.1,2.5,
305,081004,N. Bay sta. 2,10-Aug-04,8:00,,22,20.6,,,30.9,31.4,3,
301,081504,N. Bay sta. 2,15-Aug-04,8:00,,22.2,22,,,30.8,30.6,2.5,
302,082304,N. Bay sta. 2,23-Aug-04,8:00,,21.5,21,,,30.7,30.9,2.1,
303,083004,N. Bay sta. 2,30-Aug-04,8:00,,22,21.8,,,29.6,30,2.25,
304,090804,N. Bay sta. 2,8-Sep-04,8:00,,22.6,21.8,,,30,30.4,2.75,
308,091504,N. Bay sta. 2,15-Sep-04,8:00,,21,21,,,31.5,32,2.25,
309,092004,N. Bay sta. 2,20-Sep-04,8:00,,18.8,18.8,,,30.8,31,1.75,
310,092704,N. Bay sta. 2,27-Sep-04,8:00,,19.5,19.4,,,31.1,31.4,2.1,
311,100404,N. Bay sta. 2,4-Oct-04,8:00,,17.3,18,,,30.3,31.2,1.9,
312,101204,N. Bay sta. 2,12-Oct-04,8:00,,16.7,16.7,,,28.4,28.9,,
313,101804,N. Bay sta. 2,18-Oct-04,8:00,,14.6,14.6,,,28.8,28.8,1.9,
314,102504,N. Bay sta. 2,25-Oct-04,8:00,,11.9,12.2,,,29.4,30.2,2.5,
315,110104,N. Bay sta. 2,1-Nov-04,8:00,,12.9,12.9,,,30.6,30.6,1.9,
317,110804,N. Bay sta. 2,8-Nov-04,8:00,,11,10.8,,,32.2,31.8,3,
316,111504,N. Bay sta. 2,15-Nov-04,8:00,,7,7.4,,,29.8,30,3.7,
318,112204,N. Bay sta. 2,22-Nov-04,8:00,,8.3,9,,,29.8,32,3.7,
319,112904,N. Bay sta. 2,29-Nov-04,8:00,,8.6,8.4,,,30.8,30.4,,
421,120406,N. Bay sta. 2,4-Dec-04,7:30,,10.1,10.5,,,29.2,30.8,,
320,120604,N. Bay sta. 2,6-Dec-04,8:00,,6.5,6.5,,,29.8,30.2,3.75,
321,121304,N. Bay sta. 2,13-Dec-04,8:00,,7.9,7.9,,,29.2,29.2,3,
322,122304,Jamestown Bridge,23-Dec-04,,,8,,,,29.6,,,
323,122904,Jamestown Bridge,29-Dec-04,,,6.5,,,,29.4,,,
324,010705,N. Bay sta. 2,7-Jan-05,8:00,,3.6,5.5,,,27.4,30.2,4.75,
325,011005,N. Bay sta. 2,10-Jan-05,8:00,,4.4,4.5,,,28.6,28.8,4.8,
327,012005,N. Bay sta. 2,20-Jan-05,8:00,,1.8,2.8,,,,,4.75,
326,012705,GSO Dock,27-Jan-05,7:00,,,,,,29.8,,,
328,020305,N. Bay sta. 2,3-Feb-05,8:00,,0.2,0.2,,,28.6,28.6,4.4,
329,020805,N. Bay sta. 2,8-Feb-05,8:00,,1.8,1.7,,,28.5,29.8,5.25,
330,021505,N. Bay sta. 2,15-Feb-05,8:00,,2.4,2.4,,,29.4,30,5,
331,022105,N. Bay sta. 2,21-Feb-05,8:00,,1.1,1.6,,,28.5,29.6,3.25,
332,030305,N. Bay sta. 2,3-Mar-05,8:00,,1.6,1,,,28.5,29.9,3.5,
333,030805,N. Bay sta. 2,8-Mar-05,8:00,,2.3,2,,,29.7,29.7,5.25,
334,031105,N. Bay sta. 2,11-Mar-05,8:00,,1.5,1.3,,,30.4,31,6.25,
335,032205,N. Bay sta. 2,22-Mar-05,8:00,,3.3,3,,,28.8,31,6.25,
336,032905,N. Bay sta. 2,29-Mar-05,8:00,,4.9,4.5,,,29.2,30,4.5,
337,040505,N. Bay sta. 2,5-Apr-05,8:00,,6.5,5.9,,,,0,3,
338,041205,N. Bay sta. 2,12-Apr-05,8:00,,7.8,6.9,,,27.7,28.1,2,
339,042105,N. Bay sta. 2,21-Apr-05,8:00,,9,7.8,,,28.6,28.6,2.5,
340,042605,N. Bay sta. 2,26-Apr-05,8:00,,8.8,8.8,,,30.8,31.2,3,
341,050305,N. Bay sta. 2,3-May-05,8:00,,10.8,10,,,28.9,30,3.25,
342,051005,N. Bay sta. 2,10-May-05,8:00,,10,10,,,28.7,29,2.75,
343,052605,N. Bay sta. 2,26-May-05,8:00,,10.3,10.3,,,,0,2.5,
344,053105,N. Bay sta. 2,31-May-05,7:30,,14.4,12,,,,,3.25,
345,060705,N. Bay sta. 2,7-Jun-05,7:30,,16.1,14.8,,,28.3,28.5,3,
346,061405,N. Bay sta. 2,14-Jun-05,7:30,,20.8,18.5,,,27.8,28.7,2.75,
347,062005,N. Bay sta. 2,20-Jun-05,7:30,,18.2,17.4,,,27.3,28.5,2.25,
348,062705,N. Bay sta. 2,27-Jun-05,7:30,,20.5,19.8,,,29.1,29.3,2.75,
349,070505,N. Bay sta. 2,5-Jul-05,7:30,,21.5,18.3,,,27.6,29.2,2,
350,071105,N. Bay sta. 2,11-Jul-05,7:30,,20.5,19.9,,,28.75,29.15,2,
351,071805,N. Bay sta. 2,18-Jul-05,7:30,,22.2,20,,,28.5,29.8,2.5,
352,072505,N. Bay sta. 2,25-Jul-05,7:30,,22.3,21.9,,,28.9,29.1,2.25,
353,080105,N. Bay sta. 2,1-Aug-05,7:30,,22.8,21.4,,,,0,2.75,
354,080805,N. Bay sta. 2,8-Aug-05,7:30,,23.3,21.8,,,29.7,29.9,2.5,
355,081505,N. Bay sta. 2,15-Aug-05,7:30,,24.2,23.7,,,29.2,30.4,2.5,
356,082205,N. Bay sta. 2,22-Aug-05,7:30,,22.3,23.1,,,30.2,29.7,1.75,
357,083005,N. Bay sta. 2,30-Aug-05,7:30,,23,22,,,27.5,29.8,3.1,
358,090605,N. Bay sta. 2,6-Sep-05,,,22.4,21.9,,,28.5,29.7,2.5,
359,091205,N. Bay sta. 2,12-Sep-05,7:30,,21,20.1,,,29,30.2,2,
360,092105,N. Bay sta. 2,21-Sep-05,7:30,,20.8,20.6,,,29.7,29.5,1.75,
361,092605,N. Bay sta. 2,26-Sep-05,7:30,,20.1,19.6,,,29.6,30.5,3,
362,100305,N. Bay sta. 2,3-Oct-05,7:30,,18.8,18.7,,,29.9,29.85,1.4,
363,101205,GSO Dock,12-Oct-05,7:30,,17,,,,27.9,0,1.75,
364,101705,N. Bay sta. 2,17-Oct-05,7:30,,16,15.7,,,29,29.2,2,
365,102105,N. Bay sta. 2,21-Oct-05,7:30,,13.9,15,,,24.65,27.8,2.5,
366,103105,N. Bay sta. 2,31-Oct-05,7:30,,11.8,13.3,,,27.7,29.7,3,
367,110405,N. Bay sta. 2,4-Nov-05,7:30,,12.8,13,,,29.2,29.85,1.75,
368,111405,N. Bay sta. 2,14-Nov-05,7:30,,12,12,,,29.3,28.9,2,
369,112105,N. Bay sta. 2,21-Nov-05,7:30,,10.5,10.5,,,29.3,29.1,2,
370,112805,N. Bay sta. 2,28-Nov-05,7:30,,7.2,9.8,,,23.7,29.3,2.75,
371,120505,N. Bay sta. 2,5-Dec-05,7:30,,7.2,7.4,,,29.3,28.3,2.75,
372,121205,N. Bay sta. 2,12-Dec-05,7:30,,5.7,5.8,,,28.7,28.5,2.75,
373,121905,N. Bay sta. 2,19-Dec-05,7:30,,3.7,5.3,,,26,27.6,2.75,
374,122905,N. Bay sta. 2,29-Dec-05,7:30,,5.4,6.6,,,27.65,29.4,3,
375,010406,N. Bay sta. 2,4-Jan-06,7:30,,4.5,4.3,,,27.8,27.4,1.5,
376,010906,N. Bay sta. 2,9-Jan-06,7:30,,4.8,5.8,,,28.7,29.9,3,
377,011806,N. Bay sta. 2,18-Jan-06,7:30,windy,5,5,,,28.7,27.3,0,
378,012306,N. Bay sta. 2,23-Jan-06,7:30,,4,4.6,,,25.05,28.05,2.5,
379,013006,N. Bay sta. 2,30-Jan-06,7:30,,6,6.2,,,29,28.7,3,
380,020606,N. Bay sta. 2,6-Feb-06,7:30,,5.2,5.4,,,28.3,28.8,2.5,
381,021606,GSO Dock,16-Feb-06,,,,,,,30.9,0,,
382,022206,N. Bay sta. 2,22-Feb-06,7:30,,2.7,3.6,,,28.1,29.9,3,
383,030106,N. Bay sta. 2,1-Mar-06,7:30,,2.5,2.7,,,29.9,30.1,3,
384,030606,N. Bay sta. 2,6-Mar-06,7:30,,2.2,2.7,,,29.1,30.3,2.75,
385,031306,N. Bay sta. 2,13-Mar-06,7:30,,4.8,4.9,,,,,3.5,
386,032006,N. Bay sta. 2,20-Mar-06,7:30,,4,4,,,30.3,30.3,4,
387,032706,N. Bay sta. 2,27-Mar-06,7:30,,5.2,6,,,,,3.5,
388,040306,N. Bay sta. 2,3-Apr-06,7:30,,7.7,7.6,,,30.3,30.3,3.5,
389,041306,GSO Dock,13-Apr-06,7:30,,,,,,31.4,0,,
390,041706,N. Bay sta. 2,17-Apr-06,7:30,,10.4,9.9,,,29.4,29.8,2.75,
391,042406,N. Bay sta. 2,24-Apr-06,7:30,,,,,,29.25,30.2,2,
392,050306,N. Bay sta. 2,3-May-06,7:30,,12,12,,,29,29.4,,
393,051606,N. Bay sta. 2,16-May-06,7:30,,11.8,11.3,,,26.7,28.7,3.25,
394,052206,N. Bay sta. 2,22-May-06,7:30,,13,12.1,,,29.3,30.3,2,
395,052606,N. Bay sta. 2,26-May-06,7:30,,15,14,,,28,29.4,3,
396,060506,GSO Dock,5-Jun-06,7:30,,18,,,,26.1,0,,
397,061306,GSO Dock,13-Jun-06,7:30,,19,,,,27.5,0,,
398,061906,N. Bay sta. 2,19-Jun-06,7:30,,19.5,14.8,,,26.7,28.5,1.75,
399,062806,N. Bay sta. 2,28-Jun-06,7:30,,21,19,,,26.1,27.7,1.75,
400,071106,N. Bay sta. 2,11-Jul-06,7:30,,22,19,,,25.6,28.8,2.25,
401,071806,N. Bay sta. 2,18-Jul-06,7:30,,23.5,21.5,,,25.9,27.8,1.75,
402,072406,N. Bay sta. 2,24-Jul-06,7:30,,21.7,20.7,,,26.8,28.8,1.75,
403,073106,N. Bay sta. 2,31-Jul-06,7:30,,24.3,20.9,,,27.5,29.5,1.79,
404,080806,N. Bay sta. 2,8-Aug-06,7:30,,23.3,21.7,,,28.5,29.7,2.5,
405,081406,N. Bay sta. 2,14-Aug-06,7:30,,21.8,21.7,,,29.3,29.7,1.75,
406,082206,N. Bay sta. 2,22-Aug-06,7:30,,21.8,21.4,,,29.6,30.5,3,
407,082806,N. Bay sta. 2,28-Aug-06,7:30,,20.7,20.6,,,28.6,30.2,3,
408,090606,GSO Dock,6-Sep-06,7:30,,19.7,,,,30.1,0,,
409,091106,N. Bay sta. 2,11-Sep-06,7:30,,19.7,19.6,,,30.11,30.5,2.5,
410,091806,N. Bay sta. 2,18-Sep-06,7:30,,20,19,,,29.2,30.3,3,
411,092506,N. Bay sta. 2,25-Sep-06,7:30,,19.2,18.9,,,30.4,30.5,4.2,
412,100206,N. Bay sta. 2,2-Oct-06,7:30,,17.6,17.3,,,30.75,30.5,2.25,
413,101206,N. Bay sta. 2,12-Oct-06,7:30,,17,17,,,31.75,30.15,2,
414,101606,N. Bay sta. 2,16-Oct-06,7:30,,15.1,14.9,,,31.8,30.5,1.75,
415,102306,N. Bay sta. 2,23-Oct-06,7:30,,14.2,14.4,,,30.6,30.5,3,
416,103006,N. Bay sta. 2,30-Oct-06,7:30,windy,12,11.9,,,30.85,30.9,2.5,
417,110606,N. Bay sta. 2,6-Nov-06,7:30,,10.4,10.8,,,30.6,30.3,2.75,
418,111506,N. Bay sta. 2,15-Nov-06,7:30,,12,12.5,,,27.15,30.3,3.5,
419,112006,N. Bay sta. 2,20-Nov-06,7:30,,11.6,12.5,,,26.7,30,3.25,
420,112706,N. Bay sta. 2,27-Nov-06,7:30,,9.2,11.1,,,26.8,30.15,3.25,
,,N. Bay sta. 2,4-Dec-06,,,10,10.5,,,,,2.75,
422,121106,N. Bay sta. 2,11-Dec-06,7:30,,7.2,6.8,,,29.3,29.7,3,
423,122006,N. Bay sta. 2,20-Dec-06,7:30,,7,7.7,,,29.4,29.8,2.75,
424,122706,N. Bay sta. 2,27-Dec-06,7:30,,7.8,7.8,,,29,29,3.5,
425,010307,N. Bay sta. 2,3-Jan-07,7:30,,6.7,7.3,,,29.2,30,3,
426,011007,N. Bay sta. 2,10-Jan-07,7:30,,7,7.1,,,29,29.9,3.5,
428,011707,N. Bay sta. 2,17-Jan-07,7:30,,5.7,6.8,,,27.8,29.7,3,
429,012207,N. Bay sta. 2,22-Jan-07,7:30,,4.4,4.8,,,,,3,
430,012907,N. Bay sta. 2,29-Jan-07,7:30,,2.5,2.8,,,,,3.5,
431,020507,N. Bay sta. 2,5-Feb-07,7:30,,2.3,0.9,,,,,3.5,
432,021307,N. Bay sta. 2,13-Feb-07,,,1.4,1.2,,,,,2.5,
433,022107,N. Bay sta. 2,21-Feb-07,7:30,,1,1.1,,,,,3.25,
434,022607,N. Bay sta. 2,26-Feb-07,7:30,,1.2,1.3,,,,,3.5,
435,030507,N. Bay sta. 2,5-Mar-07,7:30,,3.1,3,,,,,3.75,
436,031207,N. Bay sta. 2,12-Mar-07,,,1.6,2.3,,,,,,
437,031907,N. Bay sta. 2,19-Mar-07,7:30,,3.5,3.4,,,,,3,
438,032907,N. Bay sta. 2,29-Mar-07,,,5.8,5.6,,,,,2.5,
439,040207,N. Bay sta. 2,2-Apr-07,7:30,,6,5.2,,,,,4.5,
440,040907,N. Bay sta. 2,9-Apr-07,7:30,,5,5,,,,,4.25,
441,041807,N. Bay sta. 2,18-Apr-07,7:30,windy,6.2,6.2,,,,,2.25,
442,042307,N. Bay sta. 2,23-Apr-07,7:30,,8.9,6.9,,,,,2.4,
443,050407,GSO Dock,4-May-07,7:30,,11.7,,,,,,,
444,050707,N. Bay sta. 2,7-May-07,7:30,,10.3,9.5,,,,,2.25,
445,051407,N. Bay sta. 2,14-May-07,7:30,,14.2,12.2,,,,,1.5,
446,052107,N. Bay sta. 2,21-May-07,7:30,,12.5,11.7,,,,0,2.5,
447,053007,N. Bay sta. 2,30-May-07,7:30,,17,13.7,,,28.5,0,2.5,
448,060407,N. Bay sta. 2,4-Jun-07,7:30,,17.2,17.1,,,30,30,1.5,
449,061107,N. Bay sta. 2,11-Jun-07,7:30,,18.4,16.2,,,27.5,31,1.25,
450,061807,N. Bay sta. 2,18-Jun-07,7:30,,18.2,17.2,,,30,30,2.5,
451,062507,N. Bay sta. 2,25-Jun-07,7:30,,19,16.4,,,31,31.5,2,
452,070507,N. Bay sta. 2,5-Jul-07,7:30,,18.7,18.4,,,31,31,2,
453,070907,N. Bay sta. 2,9-Jul-07,7:30,,20.5,19.9,,,31,31,3,
454,071607,N. Bay sta. 2,16-Jul-07,7:30,,22,21.6,,,31,32,1.5,
455,072307,N. Bay sta. 2,23-Jul-07,7:30,,22.4,22.4,,,30.5,31,1.5,
456,073007,N. Bay sta. 2,30-Jul-07,8:00,,23.5,33.1,,,34,34.5,1.75,
,,,6-Aug-07,,,23.5,22.8,,,,,2,
,,,13-Aug-07,,,22.9,21.7,,,,,2,
457,081707,N. Bay sta. 2,17-Aug-07,8:00,,22.6,22,,,32,32,2.5,
458,082507,N. Bay sta. 2,25-Aug-07,8:00,,21.2,20.6,,,32,33,,
459,083007,N. Bay sta. 2,30-Aug-07,8:00,,21.4,21.2,,,31,31.5,2.1,
460,090707,N. Bay sta. 2,7-Sep-07,8:00,,21.5,21.3,,,32,32,2,
461,091907,N. Bay sta. 2,17-Sep-07,8:00,,19,19,,,31,31.5,1.75,
462,092407,N. Bay sta. 2,24-Sep-07,8:00,,19.7,19.4,,,31,31,2.1,
463,100107,N. Bay sta. 2,1-Oct-07,8:00,,19.3,18.7,,,32,33,2,
464,100907,N. Bay sta. 2,9-Oct-07,8:00,,19.6,19.3,,,31.5,33,2,
476,101807,N. Bay sta. 2,18-Oct-07,8:00,,16.9,16.8,,,32,32,2.25,
477,102507,N. Bay sta. 2,25-Oct-07,8:00,,16.9,16.7,,,32.5,32.5,2.25,
,,N. Bay sta. 2,30-Oct-07,,,14.9,14.5,,,,,2.25,
,,N. Bay sta. 2,5-Nov-07,,,14,13.9,,,,,2.5,
,,N. Bay sta. 2,13-Nov-07,,,10.6,10.7,,,,,2.5,
,,N. Bay sta. 2,20-Nov-07,,,,,,,,,2.8,
465,112807,N. Bay sta. 2,28-Nov-07,8:00,,8.6,8.6,,,31.5,31.5,4,
466,120507,N. Bay sta. 2,5-Dec-07,8:00,,4.6,4.8,,,32,,3.2,
467,121207,N. Bay sta. 2,12-Dec-07,8:00,,4.8,4.8,,,31.5,31.5,3.5,
468,121907,N. Bay sta. 2,19-Dec-07,8:00,,1.5,2.4,,,31,31.5,,
469,010208,N. Bay sta. 2,2-Jan-08,7:00,,3.8,3.8,,,30.25,31,,
470,010908,N. Bay sta. 2,9-Jan-08,8:00,,3.9,3.9,,,31,31.5,2,
471,011608,N. Bay sta. 2,16-Jan-08,8:30,,3.6,3.3,,,,,2.5,
472,012308,N. Bay sta. 2,23-Jan-08,8:00,,3.3,3.2,,,,,6,
473,013008,N. Bay sta. 2,30-Jan-08,8:00,,2.6,3.1,,,,,6.5,
474,020608,N. Bay sta. 2,6-Feb-08,8:00,,3.6,3.7,,,,,,
475,021408,N. Bay sta. 2,14-Feb-08,8:00,,2.6,2.6,,,,,2.25,
478,021908,N. Bay sta. 2,19-Feb-08,8:00,,3.6,3.6,,,,,2,
479,022708,N. Bay sta. 2,27-Feb-08,8:00,,3.7,3.9,,,,,,
480,030308,N. Bay sta. 2,3-Mar-08,8:00,,2.6,2.6,,,,,,
481,031008,N. Bay sta. 2,10-Mar-08,8:00,,4.7,4.7,,,,,3,
482,031908,N. Bay sta. 2,19-Mar-08,8:00,,4.9,5,,,,,,
,,N. Bay sta. 2,24-Mar-08,7:00,,4.3,4.7,,,28,30,3.75,
,,N. Bay sta. 2,31-Mar-08,9:00,,5.5,5.6,,,29,30,3.75,
,,N. Bay sta. 2,7-Apr-08,8:00,,6.6,6.5,,,28.5,29,,
,,N. Bay sta. 2,14-Apr-08,8:00,,8.5,7.5,,,29.5,30,3.5,
,,N. Bay sta. 2,21-Apr-08,9:00,,10.3,9.7,,,29.5,30,,
,,GSO Dock,29-Apr-08,9:00,,11.2,,,,30,,,
,,GSO Dock,7-May-08,9:00,,11.2,,,,30.5,,,
,,N. Bay sta. 2,15-May-08,9:00,,12.3,11.2,,,29,31,,
,,N. Bay sta. 2,20-May-08,9:00,,12.1,11.8,,,30.5,31,,
,,N. Bay sta. 2,27-May-08,9:00,,13.9,13.4,,,31,31.5,,
,,N. Bay sta. 2,10-Jun-08,9:00,,,,,,30,31,2,
,,N. Bay sta. 2,18-Jun-08,9:00,,18.4,15.6,,,30.5,31,,
,,N. Bay sta. 2,22-Jun-08,9:00,,20.4,19.6,,,,,3.5,
,,N. Bay sta. 2,2-Jul-08,9:00,,21.3,20.1,,,30,30.5,3.5,
,,N. Bay sta. 2,8-Jul-08,9:00,,22.4,21.5,,,,,,
,,N. Bay sta. 2,15-Jul-08,9:00,,23.7,22.4,,,30,30.5,3,
,,N. Bay sta. 2,22-Jul-08,9:00,,24.4,23.2,,,31,32,,
,,N. Bay sta. 2,29-Jul-08,9:00,,24.1,22,,,29.5,31.5,,
,,N. Bay sta. 2,5-Aug-08,9:00,,23.1,22.9,,,,,,
,,N. Bay sta. 2,13-Aug-08,9:00,,22.3,21.4,,,29.5,31,,
,,N. Bay sta. 2,20-Aug-08,8:00,,21.4,20.5,,,,,,
,,N. Bay sta. 2,25-Aug-08,8:00,,21.7,21.6,,,30.97,31.39,3,
,,N. Bay sta. 2,3-Sep-08,,,21.7,21.5,,,30.58,31,1.75,
,,N. Bay sta. 2,9-Sep-08,,,21.6,20.8,,,30.8,31.51,2.25,
,,N. Bay sta. 2,16-Sep-08,,,20.4,20.3,,,31.02,31.12,2.75,
,,N. Bay sta. 2,23-Sep-08,,,18.8,18.8,,,30.31,30.26,2.5,
,,N. Bay sta. 2,30-Sep-08,,,19,18.9,,,29.01,30.43,2.7,
,,N. Bay sta. 2,8-Oct-08,,,15.3,16.7,,,28.91,31,1.6,
,,N. Bay sta. 2,14-Oct-08,,,16.9,17,,,29.92,30.86,2.5,
,,N. Bay sta. 2,21-Oct-08,,,13.4,13.7,,,29.84,30.29,2.6,
,,N. Bay sta. 2,28-Oct-08,,,13.6,13.4,,,,,2.4,
,,N. Bay sta. 2,5-Nov-08,,,11.1,11.4,,,29.25,30.73,3.25,
,,N. Bay sta. 2,10-Nov-08,,,12,12.7,,,29.65,30.92,4.25,
,,N. Bay sta. 2,18-Nov-08,,,11,11.3,,,30.65,30.65,3.25,
,,N. Bay sta. 2,25-Nov-08,,,6.6,6.4,,,29.93,30.18,4.4,
,,N. Bay sta. 2,2-Dec-08,,,6.5,6.6,,,29.22,29.52,3.6,
,,N. Bay sta. 2,9-Dec-08,,,5.5,6.7,,,29.37,30.13,4,
,,N. Bay sta. 2,17-Dec-08,,,6.1,6.7,,,24.78,29.1,2.4,
,,N. Bay sta. 2,22-Dec-08,,,4.2,5.4,,,27.98,28.41,,
,,N. Bay sta. 2,30-Dec-08,,,5.3,5.3,,,29.1,29.2,,
,,N. Bay sta. 2,6-Jan-09,,,2.7,3.7,,,28.46,30.4,4.25,
,,N. Bay sta. 2,13-Jan-09,,,2,2.7,,,28.55,29.23,4.25,
,,N. Bay sta. 2,20-Jan-09,,,0.6,2.7,,,27.44,30.57,5.25,
,,N. Bay sta. 2,27-Jan-09,,,2.1,2.7,,,30.43,30.72,5.25,
,,N. Bay sta. 2,2-Feb-09,,,2.4,2.5,,,30.51,30.59,5,
,,N. Bay sta. 2,9-Feb-09,,,2.3,2.3,,,30.44,30.53,4.5,
,,N. Bay sta. 2,16-Feb-09,,,2.8,2.7,,,29.64,30.5,6,
,,N. Bay sta. 2,24-Feb-09,8:30 AM,,2.3,2.3,,11,30.42,30.69,4.5,
,,N. Bay sta. 2,3-Mar-09,,,1.7,1.7,,,27.96,28.05,,
,,N. Bay sta. 2,12-Mar-09,,,3.7,3.7,,,29.65,29.66,5,
,,N. Bay sta. 2,23-Mar-09,7:30 AM,,4.3,4.4,,11.25,28.5,30.02,3.75,
,,N. Bay sta. 2,30-Mar-09,,,5.7,5.3,,,29.46,29.81,6,
,,N. Bay sta. 2,7-Apr-09,,,7.2,6.8,,,27.64,29.76,4.25,
,,N. Bay sta. 2,13-Apr-09,,,6.6,6.7,,,27.41,28.58,3.75,
,,N. Bay sta. 2,20-Apr-09,,,9.3,6.7,,,26.74,30.65,3.25,
,,N. Bay sta. 2,27-Apr-09,,,11.6,10.1,,,,,3.5,
,,N. Bay sta. 2,4-May-09,,,12.4,10.7,,,27.12,29.44,4,
,,N. Bay sta. 2,14-May-09,,,12.7,12.4,,,28.54,28.75,3.25,
,,N. Bay sta. 2,18-May-09,,,13.2,13.1,,,28.06,29.3,2.5,
,,N. Bay sta. 2,27-May-09,,,14.4,13.6,,,28.25,28.87,3.5,
,,N. Bay sta. 2,8-Jun-09,,,16.7,14.5,,,,29.94,2.25,
,,N. Bay sta. 2,15-Jun-09,,,17.5,16.1,,,28.55,30.11,2.25,
,,N. Bay sta. 2,23-Jun-09,,,17.1,17.1,,,28.8,28.72,2,
,,N. Bay sta. 2,29-Jun-09,,,18.6,16.7,,,29.02,30.1,2.5,
,,N Bay sta. 2,9-Jul-09,,,20.0,20.0,,,28.36,28.37,2.25,
,,N Bay sta. 2,13-Jul-09,,,19.7,19.0,,,28.52,29.49,2.5,
,,N Bay sta. 2,20-Jul-09,,,21.3,19.0,,,28.28,29.59,2,
,,N Bay sta. 2,27-Jul-09,,,21.3,20.3,,,28.2,29.02,2.4,
,,N Bay sta. 2,3-Aug-09,,,22.9,21.3,,,27.42,29.48,1.8,
,,N Bay sta. 2,10-Aug-09,,,22.0,20.3,,,27.18,29.43,1.6,
,,N Bay sta. 2,18-Aug-09,,,22.9,21.0,,,28.2,29.37,2.5,
,,N Bay sta. 2,4-Sep-09,,,20.8,20.7,,,29.96,30.5,2,
,,N Bay sta. 2,8-Sep-09,,,21.0,20.8,,,29.62,29.29,2,
,,N Bay sta. 2,14-Sep-09,7:00 AM,,19.7,19.5,,,29.06,29.87,3,
,,N Bay sta. 2,21-Sep-09,7:30 AM,,18.7,18.7,,,30.15,30.05,2.5,
,,N. Bay sta. 2,28-Sep-09,7:30 AM,,18.6,18.6,,,30.35,30.35,2.5,
,,N Bay sta. 2,8-Oct-09,7:00 AM,,16.9,16.9,,,30.6,30.42,2,
,,N Bay sta. 2,14-Oct-09,7:00 AM,,15.1,15.2,,,30.42,30.42,2.5,
,,N Bay sta. 2,19-Oct-09,7:30 AM,,11.9,12,,,29.74,29.7,3,
,,N Bay sta. 2,26-Oct-09,7:30 AM,,12.6,12.9,,,29.45,29.5,4.5,
,,N Bay sta. 2,2-Nov-09,7:30 AM,,12.8,13.1,,,29.57,29.81,3,
,,N Bay sta. 2,9-Nov-09,7:30 AM,,11,11.6,,,28.65,29.22,3.5,
,,N Bay sta. 2,16-Nov-09,7:00 AM,,11.3,11.6,,,27.87,29.22,3.5,
,,N Bay sta. 2,23-Nov-09,6:00 AM,,10.7,10.7,,,27.82,27.9,3,
,,N Bay sta. 2,30-Nov-09,7:30 AM,,10.2,10.5,,,29.46,29.8,3,
,,N Bay sta. 2,9-Dec-09,7:30 AM,,8.25,8.49,,,28.74,28.82,3.5,
,,N Bay sta. 2,14-Dec-09,7:30 AM,,6.19,6.94,,,28.81,29.33,3,
,,N Bay sta. 2,21-Dec-09,12:00 AM,,3.38,3.35,,,28.62,28.28,2.5,
,,N Bay sta. 2,31-Dec-09,12:00 AM,,4.09,4.43,,,30.57,30.8,3,
,,N Bay sta. 2,4-Jan-10,8:00 AM,,2.57,3.13,,,29.91,30.05,3.5,
,,N Bay sta. 2,13-Jan-10,8:00 AM,,1.51,1.96,,,30.34,30.41,4,
,,N Bay sta. 2,19-Jan-10,10:00 AM,,2.26,3.06,,,29.32,30.45,2.5,
,,N Bay sta. 2,26-Jan-10,7:00 AM,,3.81,3.67,,,30.33,30.63,2,
,,N Bay sta. 2,2-Feb-10,7:00 AM,,1,1.04,,,30.13,30.06,2,
,,N Bay sta. 2,9-Feb-10,7:00 AM,,0.04,2.1,,,29.6,31.32,2.5,
,,N Bay sta. 2,16-Feb-10,7:00 AM,,1.38,1.64,,,30.8,30.82,4,
,,N Bay sta. 2,23-Feb-10,7:00 AM,,2.3,2.33,,,31,31.1,5.5,
,,N Bay sta. 2,2-Mar-10,7:00 AM,,2.99,3.02,,,28.35,27.89,3.5,
,,N Bay sta. 2,9-Mar-10,7:00 AM,,4,2.58,,,27.58,30.8,3,
,,N Bay sta. 2,16-Mar-10,7:00 AM,,4.49,4.41,,,26.29,26.8,2.5,
,,N Bay sta. 2,20-Mar-10,7:00 AM,,6.51,4.28,,,26.06,29.46,3,
,,N Bay sta. 2,29-Mar-10,7:00 AM,windy,5.47,5.4,,,28.23,28.51,2.5,
,,N Bay sta. 2,5-Apr-10,7:00 AM,after flooding,11.8,5.77,,,14.11,29.4,1.5,
,,N Bay sta. 2,13-Apr-10,7:00 AM,,10.7,6.48,,,18.6,30.32,1,
,,N Bay sta. 2,20-Apr-10,7:00 AM,,9.55,7.53,,,24.6,29.76,4.5,
,,N Bay sta. 2,27-Apr-10,7:00 AM,,10.5,9.91,,,27.66,28.98,2,
,,N Bay sta. 2,4-May-10,7:00 AM,,12.3,11,,,29.88,28.91,4,
,,N Bay sta. 2,11-May-10,7:30 AM,,11.8,11.2,,,29.08,30.36,3,
,,N Bay sta. 2,17-May-10,7:30 AM,,13.6,11.7,,,28.86,30.38,3,
,,N Bay sta. 2,28-May-10,9:30 AM,,18,15.5,,,26.01,26.99,2.25,
,,N Bay sta. 2,8-Jun-10,6:30 AM,,19.5,17.7,,,25.83,27.43,1.5,
,,N Bay sta. 2,15-Jun-10,7:30 AM,,18.1,17.8,,,25.97,26.16,1.5,
,,N Bay sta. 2,21-Jun-10,7:30 AM,,20.4,18,,,26.03,26.7,2.25,
,,N Bay sta. 2,28-Jun-10,7:30 AM,,21.9,19,,,26.37,26.81,2.25,
,,N Bay sta. 2,6-Jul-10,7:30 AM,,23.5,18.6,,,26.46,27.23,2.25,
,,N Bay sta. 2,12-Jul-10,7:30 AM,,23.8,20.2,,,26.83,27.3,2.75,
,,N Bay sta. 2,19-Jul-10,7:30 AM,,24.6,22.3,,,26.93,27.57,2,
,,N Bay sta. 2,26-Jul-10,7:30 AM,,23.7,22.7,,,27.37,27.84,1.5,
,,N Bay sta. 2,6-Aug-10,7:30 AM,,23.2,21.9,,,27.84,28.06,2.5,
,,N Bay sta. 2,12-Aug-10,7:30 AM,,23.9,23.2,,,27.75,26.9,1.75,
,,N Bay sta. 2,20-Aug-10,7:30 AM,,23.5,22.7,,,28.06,28.2,1.5,
,,N Bay sta. 2,25-Aug-10,7:30 AM,,19.9,19.9,,,30.33,31.01,2.25,
,,N Bay sta. 2,31-Aug-10,7:30 AM,,23.1,22.1,,,27.65,27.74,2.75,
,,N Bay sta. 2,8-Sep-10,7:30 AM,,21.4,21.3,,,28.2,28.32,2,
,,N Bay sta. 2,15-Sep-10,6:30 AM,,19.8,19.8,,,28.23,28.28,3,
,,N Bay sta. 2,20-Sep-10,7:30 AM,,19.3,19.4,,,28.83,28.64,4,
,,N Bay sta. 2,27-Sep-10,7:30 AM,,19.5,19.6,,,28.65,28.64,3.5,
,,N Bay sta. 2,5-Oct-10,8:30 AM,,18.1,18.1,,,27.9,27.82,1.5,
,,N Bay sta. 2,12-Oct-10,7:30 AM,,16.6,16.6,,,28.28,28.25,3,
,,N Bay sta. 2,18-Oct-10,7:30 AM,,14.8,14.8,,,28.37,28.3,4.5,
,,N Bay sta. 2,25-Oct-10,7:30 AM,,12.9,13.2,,,28.11,28.27,3.25,
,,N Bay sta. 2,3-Nov-10,7:30 AM,,12,12,,,28.59,28.57,2.25,
,,N Bay sta. 2,8-Nov-10,7:30 AM,NE Winds,11,10.8,,,28.3,28.34,2.75,
,,N Bay sta. 2,16-Nov-10,8:00 AM,,9.5,11,,,26.93,28.97,4,
,,N Bay sta. 2,22-Nov-10,10:00 AM,,6.1,6.1,,,31.38,31.6,4.5,
,,N Bay sta. 2,29-Nov-10,,,4.4,4.4,,,31.42,31.29,3.25,
,,N Bay sta. 2,6-Dec-10,7:30 AM,,6.8,6.8,,,29.73,29.76,3.5,
,,N Bay sta. 2,14-Dec-10,10:15 AM,,4.4,4.6,,,28.74,28.97,4.25,
,,N Bay sta. 2,20-Dec-10,7:30 AM,,2.7,2.9,,,28.11,28.33,3.75,
,,N Bay sta. 2,30-Dec-10,8:00 AM,,1.8,3.1,,,28.66,29.44,3.75,
,,N Bay sta. 2,5-Jan-11,7:30 AM,,3,3.3,,,29.32,29.58,2.75,
,,N Bay sta. 2,11-Jan-11,7:30 AM,,2.2,2.4,,,28.9,28.98,2.5,
,,N Bay sta. 2,20-Jan-11,7:30 AM,,1.6,1.9,,,27.38,27.64,3,
,,N Bay sta. 2,24-Jan-11,7:30 AM,,0.6,0.9,,,27.25,27.39,2.75,
,,N Bay sta. 2,1-Feb-11,7:30 AM,,0.5,1.1,,,26.98,27.2,3.5,
,,N Bay sta. 2,11-Feb-11,7:30 AM,,0.2,1.1,,,27.05,27.33,4,
,,N Bay sta. 2,21-Feb-11,7:30 AM,,1.4,1.6,,,27.5,27.6,2.5,
,,N Bay sta. 2,2-Mar-11,7:30 AM,,2.2,2.6,,,25.91,27.5,3,
,,N Bay sta. 2,9-Mar-11,7:30 AM,,3.8,3.6,,,21.17,26.21,1.75,
,,N Bay sta. 2,14-Mar-11,7:30 AM,,4.7,3.9,,,22.49,27.05,3,
,,N Bay sta. 2,23-Mar-11,7:30 AM,,4.7,4.8,,,24.62,25.39,2.75,
,,N Bay sta. 2,1-Apr-11,7:30 AM,,4.4,4.5,,,26.3,26.18,2.75,
,,N Bay sta. 2,12-Apr-11,7:30 AM,,7.5,6.2,,,26.9,27.23,2.5,
,,N Bay sta. 2,20-Apr-11,10:00 AM,,8.5,8.1,,,24.32,25.1,2.5,
,,N Bay sta. 2,25-Apr-11,7:30 AM,,9.3,8.5,,,24.57,24.94,3.75,
,,N Bay sta. 2,2-May-11,7:30 AM,,12.5,10.3,,,21.89,25.67,3,
,,N Bay sta. 2,12-May-11,7:30 AM,,11.7,11.7,,,24.24,24.25,2.25,
,,N Bay sta. 2,17-May-11,7:30 AM,,11.7,11.7,,,25.79,25.7,2,
,,N Bay sta. 2,23-May-11,7:30 AM,,13.5,12.8,,,26.63,27.41,2.75,
,,N Bay sta. 2,31-May-11,7:30 AM,,18.5,15.2,,,26.11,27.4,2.75,
,,N Bay sta. 2,6-Jun-11,7:30 AM,,17.6,16,,,26.83,27.82,2.5,
,,N Bay sta. 2,13-Jun-11,7:30 AM,,17.9,17.5,,,26.31,27.06,2.25,
,,N Bay sta. 2,22-Jun-11,7:30 AM,,20.3,17.8,,,27.09,27.55,2.5,
,,N Bay sta. 2,30-Jun-11,7:30 AM,,21.2,19.4,,,27.04,27.77,2.5,
,,N Bay sta. 2,5-Jul-11,7:30 AM,,21.8,20.3,,,28.83,29.27,2.25,
,,N Bay sta. 2,11-Jul-11,7:30 AM,,23.1,19,,,26.49,28.01,2.75,
,,N Bay sta. 2,18-Jul-11,7:30 AM,,21.4,21.8,,,27.25,27.37,2.75,
,,N Bay sta. 2,27-Jul-11,7:30 AM,,23.2,20,,,27.07,27.73,2,
,,N Bay sta. 2,4-Aug-11,7:30 AM,,23,22.6,,,27.37,27.52,2,
,,N Bay sta. 2,12-Aug-11,7:30 AM,,23.3,22.4,,,27.13,27.49,1.75,
,,N Bay sta. 2,19-Aug-11,7:30 AM,,22.4,21.8,,,26.22,26.3,2,
,,N Bay sta. 2,29-Aug-11,7:30 AM,day after Hurricane Irene,21.3,21,,,26.91,27.05,1.5,
,,*data missing,,,,,,,,,,,
,,N Bay sta. 2,2-Jan-13,8:30,,1.8,no data,,,30,30,5.50,*note: temperature values were obtained with an analog thermometer on the boat. Salinity values were obtained with a hand-held refractometer.
,,N Bay sta. 2,9-Jan-13,8:30,,4.4,no data,,,30,30,5.00,*note: temperature values were obtained with an analog thermometer on the boat. Salinity values were obtained with a hand-held refractometer.
,,N Bay sta. 2,16-Jan-13,8:30,,5.3,no data,,,30,30,5.50,*note: temperature values were obtained with an analog thermometer on the boat. Salinity values were obtained with a hand-held refractometer.
,,N Bay sta. 2,21-Jan-13,8:30,,4.8,4.7,,,30,30,5.00,*note: temperature values were obtained with an analog thermometer on the boat. Salinity values were obtained with a hand-held refractometer.
,,N Bay sta. 2,30-Jan-13,7:15,,2.0,2.0,,,30,30,4.50,*note: temperature values were obtained with an analog thermometer on the boat. Salinity values were obtained with a hand-held refractometer.
,,N Bay sta. 2,5-Feb-13,7:45,,2.2,2.2,,,30,30,4.50,*note: temperature values were obtained with an analog thermometer on the boat. Salinity values were obtained with a hand-held refractometer.
,,N Bay sta. 2,12-Feb-13,7:45,,2.1,2.4,,,30,30,3.00,*note: temperature values were obtained with an analog thermometer on the boat. Salinity values were obtained with a hand-held refractometer.
,,N Bay sta. 2,19-Feb-13,7:45,,1.2,2.4,,,31,31.5,3.50,*note: temperature values were obtained with an analog thermometer on the boat. Salinity values were obtained with a hand-held refractometer.
,,N Bay sta. 2,26-Feb-13,7:45,,3.6,3.6,,,27,31,4.50,*note: temperature values were obtained with an analog thermometer on the boat. Salinity values were obtained with a hand-held refractometer.
,,N Bay sta. 2,5-Mar-13,7:45,,3.0,3.0,,,3.8,3.6,5.00,*note: temperature values were obtained with an analog thermometer on the boat. Salinity values were obtained with a hand-held refractometer.
,,N Bay sta. 2,12-Mar-13,7:30,,4.1,4.2,,,29,30,3.00,*note: temperature values were obtained with an analog thermometer on the boat. Salinity values were obtained with a hand-held refractometer.
,,N Bay sta. 2,20-Mar-13,7:15,,3.0,3.0,,,28,30,4.00,*note: temperature values were obtained with an analog thermometer on the boat. Salinity values were obtained with a hand-held refractometer.
,,N Bay sta. 2,26-Mar-13,7:45,,4.1,4.2,,0,29.5,30,4.00,*note: temperature values were obtained with an analog thermometer on the boat. Salinity values were obtained with a hand-held refractometer.
,,N Bay sta. 2,2-Apr-13,7.45,,5.5,5.4,,6,30.5,30,4.00,*note: temperature values were obtained with an analog thermometer on the boat. Salinity values were obtained with a hand-held refractometer.
,,N Bay sta. 2,9-Apr-13,7.45,,6.7,6.7,,0.25,30.5,30,3.50,*note: temperature values were obtained with an analog thermometer on the boat. Salinity values were obtained with a hand-held refractometer.
,,N Bay sta. 2,16-Apr-13,7:45,,8.2,7.8,,4.5,29.5,30,4.50,*note: temperature values were obtained with an analog thermometer on the boat. Salinity values were obtained with a hand-held refractometer.
,,N Bay sta. 2,23-Apr-13,7.45,,10.2,10,,11.25,28.5,30,3.50,*note: temperature values were obtained with an analog thermometer on the boat. Salinity values were obtained with a hand-held refractometer.
,,N Bay sta. 2,30-Apr-13,7:45,,11,10.8,,5.5,30,28,3.50,*note: temperature values were obtained with an analog thermometer on the boat. Salinity values were obtained with a hand-held refractometer.
,,N Bay sta. 2,7-May-13,7:45,,13.2,12.1,,16.5,28,30,3.50,*note: temperature values were obtained with an analog thermometer on the boat. Salinity values were obtained with a hand-held refractometer.
,,N Bay sta. 2,14-May-13,7:45,,13.5,13.2,,4,30,30.5,2.50,*note: temperature values were obtained with an analog thermometer on the boat. Salinity values were obtained with a hand-held refractometer.
,,N Bay sta. 2,21-May-13,7:45,,15.98,13.38,,9.75,30.1,31,4.00,*note: the YSI began working again so all subsequent values are taken with a YSI.
,,N Bay sta. 2,28-May-13,7:45,,14.76,14.53,,5,30.7,30.86,2.50,
,,N Bay sta. 2,6-Jun-13,7:45,,18.82,16.5,,11.75,29.78,31.16,2.50,
,,N Bay sta. 2,11-Jun-13,7:45,,17,17.26,,2.75,23.3,29.87,2.00,
,,N Bay sta. 2,19-Jun-13,10:15,,19.99,16.35,,6.75,21.74,29.87,1.50,
,,N Bay sta. 2,24-Jun-13,7:45,,20.2,17.63,,1.2,27.26,29.11,2.50,
,,N Bay sta. 2,3-Jul-13,7:45,,18.6,21.8,,9.75,29.4,27.9,2.50,
,,N Bay sta. 2,8-Jul-13,7:30,,24.37,19.24,,1.25,26.82,29.68,2.00,
,,N Bay sta. 2,15-Jul-13,7:15,,24.5,19.7,,5.75,26.6,29.7,1.50,
,,N Bay sta. 2,22-Jul-13,7:15,,24.37,21.78,,0.75,25.49,15.26,3.50,
,,N Bay sta. 2,29-Jul-13,7:15,,22.98,21.14,,6.5,29.3,30.1,2.00,
,,N Bay sta. 2,5-Aug-13,7:15,,22.39,21.7,,0.5,29.8,30.38,3.00,
,,N Bay sta. 2,12-Aug-13,7:30,,22.09,20.92,,5,30.02,30.47,2.50,
,,N Bay sta. 2,16-Aug-13,7:15,,21.17,20.06,,8.5,30.12,30.71,2.50,
,,N Bay sta. 2,26-Aug-13,7:15,,21.64,20.97,,5,30.19,30.49,2.50,
,,N Bay sta. 2,3-Sep-13,7:15,,22.14,20.56,,11.75,30.05,30.67,2.50,
,,N Bay sta. 2,9-Sep-13,7:15,,19.68,19.78,,3.6,30.33,30.43,2.00,
,,N Bay sta. 2,16-Sep-13,7:45,,20.08,19.66,,10,30.32,30.86,2,
,,N Bay sta. 2,23-Sep-13,7:45,,18.64,18.7,,4.25,30.81,30.8,3,
,,N Bay sta. 2,30-Sep-13,7:45,,18.21,17.99,,9.45,30.28,30.9,3.5,
,,N Bay sta. 2,7-Oct-13,7:45,,18.45,18.4,,2,30.8,30.88,35,
,,N Bay sta. 2,16-Oct-13,7:45,,16.76,16.75,,10.67,30.68,30.68,4,
,,N Bay sta. 2,21-Oct-13,7:45,,16.39,16.41,,2,31.21,31.23,5.5,
,,N Bay sta. 2,28-Oct-13,7:45,,13.49,13.38,,7.5,31.34,31.31,6,
,,N Bay sta. 2,4-Nov-13,7:45,,13.14,13.07,,12,31.76,31.73,5,
,,N Bay sta. 2,12-Nov-13,7:45,,10.93,10.94,,7.5,31.21,31.18,5.5,
,,N Bay sta. 2,20-Nov-13,7:45,,9.31,9.32,,1.25,31.51,31.51,5.5,
,,N Bay sta. 2,25-Nov-13,7:45,,6.02,6.12,,4.75,30.97,30.78,6,
,,N Bay sta. 2,2-Dec-13,7:45,,5.34,6.14,,11,29.97,30.92,5.5,
,,N Bay sta. 2,9-Dec-13,7:45,,6.07,6.05,,5,30.4,30.42,5,
,,N Bay sta. 2,16-Dec-13,7:45,,3.85,3.82,,11.25,30.57,30.56,6,
,,N Bay sta. 2,30-Dec-13,7:45,,4.04,4.15,,10,30.23,30.43,6,
,,N Bay sta. 2,2-Jan-14,7:45,Rough Waves,3.25,3.24,,0.25,30.76,30.73,5,
,,N Bay sta. 2,14-Jan-14,7:45,,2.23,2.44,,11,30.13,30.44,5,
,,N Bay sta. 2,21-Jan-14,7:45,,2.54,2.65,,3,29.34,29.8,4.5,
,,N Bay sta. 2,27-Jan-14,7:45,,0.76,1.55,,9,30,30.39,3.5,
,,N Bay sta. 2,3-Feb-14,7:45,,0.93,1.16,,2.5,29.74,30.06,4.5,
,,N Bay sta. 2,10-Feb-14,7:45,,1.23,2.98,,9.25,29.72,31.09,4.5,
,,N Bay sta. 2,17-Feb-14,7:45,,1.28,1.05,,1.25,30.27,30.18,4.5,
,,N Bay sta. 2,24-Feb-14,7:45,,2.49,2.43,,7.5,30.47,29.68,5,
,,N Bay sta. 2,3-Mar-14,7:45,,1.56,1.28,,1.5,30.43,30.19,4,
,,N Bay sta. 2,10-Mar-14,7:45,,1.82,2.18,,8.5,28.78,31.61,3.5,
,,N Bay sta. 2,17-Mar-14,7:45,,2.5,2.5,,1.25,30.64,30.66,4,
,,N Bay sta. 2,24-Mar-14,7:45,,3.38,3.39,,7,30.35,30.34,4.5,
,,N Bay sta. 2,31-Mar-14,7:45,,3.94,3.91,,13.5,28.19,28.44,2.5,
,,N Bay sta. 2,4-Apr-14,7:45,,5.45,3.87,,4.5,26.05,30.48,3.5,
,,N Bay sta. 2,14-Apr-14,7:45,,6.52,6.2,,0,30.21,30.4,3.5,
,,N Bay sta. 2,21-Apr-14,7:45,,8.59,6.72,,5.75,26.96,30.17,3,
,,N Bay sta. 2,25-Apr-14,7:45,,7.94,7.66,,10,29.23,30.35,4,
,,N Bay sta. 2,6-May-14,7:45,,10.66,8.8,,6.5,29.97,30.52,4.5,
,,N Bay sta. 2,12-May-14,7:45,,12.68,8.38,,11.25,28.76,31.55,4.5,
,,N Bay sta. 2,18-May-14,7:45,,14.02,12.64,,3.75,30.74,30.74,3,
,,N Bay sta. 2,27-May-14,7:45,,14.83,13.57,,12.25,30.27,31.27,4.5,
,,N Bay sta. 2,2-Jun-14,7:45,,16,14.6,,4.25,30.31,31.08,3.5,
,,N Bay sta. 2,9-Jun-14,7:45,,19.2,14.49,,9.75,30.39,32.49,3,
,,N Bay sta. 2,16-Jun-14,7:45,,18.54,17.49,,3.5,30.6,31.43,3,
,,N Bay sta. 2,23-Jun-14,7:45,,20.17,18.35,,10.25,31.22,31.68,2,
,,N Bay sta. 2,30-Jun-14,7:45,,,,,3,,,2,
,,N Bay sta. 2,7-Jul-14,7:45,,,,,8.25,,,2.5,
,,N Bay sta. 2,14-Jul-14,7:45,,21.33,21.24,,2.25,31.09,31.04,2,
,,N Bay sta. 2,21-Jul-14,7:45,,22.55,21.28,,9,30.18,30.52,2,
,,N Bay sta. 2,28-Jul-14,7:45,,,,,1.75,,,2,
,,N Bay sta. 2,5-Aug-14,7:45,,22.74,20.72,,4.94,30.65,31.17,2,
,,N Bay sta. 2,11-Aug-14,7:45,,22.15,21.92,,1.02,30.92,30.92,2.5,
,,N Bay sta. 2,19-Aug-14,7:45,,22.06,21.07,,4.11,30.62,31.22,2,
,,N Bay sta. 2,25-Aug-14,7:45,,,,,0.83,,,2.5,
,,GSO Dock,2-Sep-14,8:15:00,,22.18,22.11,,6.8,31.66,31.67,no data,
,,N Bay sta. 2,9-Sep-14,8:15:00,,,,,0.12,,,2,
,,N Bay sta. 2,22-Sep-14,8:15:00,,19.97,19.97,,0.95,31.72,31.72,5,
,,N Bay sta. 2,29-Sep-14,8:15:00,,19.18,19.1,,3.38,31.63,31.87,4,
,,N Bay sta. 2,6-Oct-14,8:15:00,,17.07,17.17,,1.9,31.41,31.49,2.5,
,,N Bay sta. 2,14-Oct-14,8:15:00,,16.51,16.47,,8.31,31.85,31.9,3,
,,N Bay sta. 2,20-Oct-14,8:15:00,,16.61,16.5,,2.11,32.08,32.18,3.5,
,,N Bay sta. 2,27-Oct-14,8:15:00,,14.44,14.45,,2.28,31.6,31.61,4,
,,N Bay sta. 2,3-Nov-14,8:15:00,,11.86,11.82,,4.06,31.44,31.44,4,
,,N Bay sta. 2,10-Nov-14,8:15:00,,11.27,11.25,,1.43,32.04,32.06,4,
,,N Bay sta. 2,19-Nov-14,8:15:00,,8.01,8.07,,3.11,31.61,31.63,5,
,,N Bay sta. 2,25-Nov-14,8:15:00,,9.09,9.07,,1.11,32.39,32.38,3.5,
,,N Bay sta. 2,1-Dec-14,8:15:00,,7.54,7.54,,5.67,31.2,31.27,4.5,
,,N Bay sta. 2,8-Dec-14,8:15:00,,5.65,5.66,,0.34,30.17,30.14,4,
,,N Bay sta. 2,15-Dec-14,8:15:00,,4.92,7.6,,6.71,29.5,32.33,5,
,,N Bay sta. 2,22-Dec-14,8:15:00,,6.06,5.97,,11.75,31.42,31.41,4,
,,N Bay sta. 2,30-Dec-14,8:15:00,,5.89,6.89,,6.5,31.08,31.8,5,
,,N Bay sta. 2,5-Jan-15,8:15:00,,4.56,4.96,,11.75,30.86,31.32,4,
,,N Bay sta. 2,12-Jan-15,8:15:00,,1.87,2.16,,4,31.56,31.63,4,
,,N Bay sta. 2,20-Jan-15,8:15:00,,3.62,3.36,,11.5,31.15,31.64,4,
,,N Bay sta. 2,26-Jan-15,8:15:00,,2.32,2.34,,4,30.53,30.55,4,
,,N Bay sta. 2,4-Feb-15,8:15:00,,-0.47,0.58,,12,30.49,30.86,4,
,,N Bay sta. 2,11-Feb-15,8:15:00,,-0.86,-0.86,,4,30.68,30.6,4,
,,GSO Dock,18-Feb-15,8:15:00,,-0.42,,,11,32.03,,2.5,
,,N Bay sta. 2,23-Feb-15,8:15:00,,-1.31,-1.32,,3,31.85,31.87,4.5,
,,N Bay sta. 2,4-Mar-15,8:15:00,,-0.94,-0.85,,11,31.38,31.34,4,
,,N Bay sta. 2,9-Mar-15,8:15:00,,-0.68,-0.22,,2.5,31.32,31.52,5,
,,N Bay sta. 2,16-Mar-15,8:15:00,,1.48,1.53,,9,30.88,31.03,5,
,,N Bay sta. 2,25-Mar-15,8:15:00,,3.62,2.44,,4,26,30.47,5,
,,N Bay sta. 2,30-Mar-15,8:15:00,,2.96,2.68,,9.5,29.18,31.32,4,
,,N Bay sta. 2,3-Apr-15,8:15:00,,3.79,3.02,,12,30.12,31,4,
,,N Bay sta. 2,13-Apr-15,8:15:00,,5.96,4.53,,7.5,28.93,30.54,5,
,,N Bay sta. 2,20-Apr-15,8:15:00,,8.03,7.31,,1.5,28.9,29.25,5,
,,N Bay sta. 2,27-Apr-15,8:15:00,,9.07,7.19,,7.75,27.25,30.72,3,
,,N Bay sta. 2,4-May-15,8:15:00,,8.82,7.64,,0.5,30.17,30.9,5,
,,N Bay sta. 2,11-May-15,8:15:00,,13.05,9.99,,6.25,30.28,30.9,4,
,,N Bay sta. 2,18-May-15,8:15:00,,13.62,12.47,,0.5,30.57,30.89,3.5,
,,N Bay sta. 2,26-May-15,8:15:00,,14.39,13.48,,7,31.01,31.3,2.5,
,,N Bay sta. 2,31-May-15,8:15:00,,17.11,14.4,,11,31.1,31.61,3,
,,N Bay sta. 2,10-Jun-15,8:15:00,,16.66,15.81,,7,31,31.34,2.5,
,,N Bay sta. 2,15-Jun-15,8:15:00,,18.32,17.26,,11.5,31.11,31.38,2.5,
,,N Bay sta. 2,22-Jun-15,8:15:00,,19.81,18.76,,4.25,30.71,31.1,2.5,
,,N Bay sta. 2,30-Jun-15,8:15:00,,20.17,18.14,,11.25,29.91,31.58,2,
,,N Bay sta. 2,7-Jul-15,8:15:00,,21.56,20.27,,4.25,30.57,30.88,2.5,
,,N Bay sta. 2,13-Jul-15,8:15:00,,22.02,19.95,,10.75,30.69,31.51,3.5,
,,N Bay sta. 2,20-Jul-15,8:15:00,,22.91,21.44,,3.5,30.66,31.07,4,
,,N Bay sta. 2,27-Jul-15,8:15:00,,,,,9,,,2.5,
,,N Bay sta. 2,4-Aug-15,8:15:00,,22.91,21.99,,3.5,30.69,31.34,2.5,
,,N Bay sta. 2,10-Aug-15,8:15:00,,22.86,21.62,,9.5,30.83,31.42,2.5,
,,N Bay sta. 2,14-Aug-15,8:15:00,,23.02,22.2,,0.25,30.89,31.18,2,
,,N Bay sta. 2,24-Aug-15,8:15:00,,25.51,24.8,,7.25,31.31,30.24,2.5,
,,N Bay sta. 2,31-Aug-15,8:15:00,,23.23,23.2,,13.75,31.48,31.27,2.5,
,,N Bay sta. 2,4-Aug-15,8:15:00,,22.91,21.99,,3.5,30.69,31.34,2.5,
,,N Bay sta. 2,10-Aug-15,8:15:00,,22.86,21.62,,9.5,30.83,31.42,2.5,
,,N Bay sta. 2,14-Aug-15,8:15:00,,23.02,22.2,,0.25,30.89,31.18,2,
,,N Bay sta. 2,24-Aug-15,8:15:00,,25.51,24.8,,7.25,31.31,30.24,2.5,
,,N Bay sta. 2,31-Aug-15,8:15:00,,23.23,23.2,,13.75,31.48,31.27,2.5,
,,N Bay sta. 2,8-Sep-15,8:15:00,,23.22,22.08,,9,31.55,31.68,2.5,
,,N Bay sta. 2,14-Sep-15,8:15:00,,22.45,22.48,,13,31.5,31.51,2.5,
,,N Bay sta. 2,21-Sep-15,8:15:00,,21.52,21.56,,5.5,31.69,31.72,2.5,
,,N Bay sta. 2,28-Sep-15,8:15:00,,19.66,19.65,,11.75,31.62,31.64,3,
,,N Bay sta. 2,5-Oct-15,8:15:00,,16.13,16.17,,6.25,30.73,30.75,3,
,,N Bay sta. 2,14-Oct-15,8:15:00,,16.82,16.78,,13,31.54,31.53,3,
,,N Bay sta. 2,19-Oct-15,8:15:00,,14.18,14.13,,4.25,31.59,31.6,2.5,
,,N Bay sta. 2,26-Oct-15,8:15:00,,13.9,13.94,,11,32.1,32.1,3,
,,N Bay sta. 2,2-Nov-15,8:15:00,,13.94,13.93,,2,32.66,32.68,3,
,,N Bay sta. 2,6-Nov-15,8:15:00,,13.97,13.81,,7.75,32.15,32.42,3.5,
,,N Bay sta. 2,16-Nov-15,8:15:00,,11.33,11.35,,2,31.47,31.51,4,
,,N Bay sta. 2,23-Nov-15,8:15:00,,9.99,10.47,,9,30.95,31.32,4,
,,N Bay sta. 2,30-Nov-15,8:15:00,,8.97,9.11,,3,31.13,31.8,4.5,
,,N Bay sta. 2,7-Dec-15,8:15:00,,8.57,9.71,,8.5,31.26,31.84,4.5,
,,N Bay sta. 2,14-Dec-15,8:15:00,,9.05,9.06,,1,31.1,31.08,4.5,
,,N Bay sta. 2,21-Dec-15,8:15:00,,8.18,8.16,,8,31.27,31.26,4,
,,N Bay sta. 2,29-Dec-15,8:15:00,,8.58,8.47,,2.25,30.51,30.44,3,
,,N Bay sta. 2,4-Jan-16,8:15:00,,8.56,7.33,,7,31.58,30.85,5.5,
,,N Bay sta. 2,11-Jan-16,8:15:00,,5.97,5.92,,0.25,30.62,30.6,4.5,
,,N Bay sta. 2,20-Jan-16,8:15:00,,3.51,3.48,,6.75,30.6,30.58,3.5,
,,N Bay sta. 2,25-Jan-16,8:15:00,,1.17,2.16,,0,29.73,30.33,3.5,
,,N Bay sta. 2,1-Feb-16,8:15:00,,3.76,3.92,,5,30.67,30.95,5,
,,N Bay sta. 2,10-Feb-16,8:15:00,,2.93,3.56,,0.5,29,29.81,3,
,,N Bay sta. 2,15-Feb-16,8:15:00,,0.51,1.87,,5,30.66,31.01,3.5,
,,N Bay sta. 2,22-Feb-16,8:15:00,,2.94,2.98,,11.5,29.91,30.29,4.5,
,,N Bay sta. 2,29-Feb-16,8:15:00,,4.27,4.27,,3.5,30.05,30.28,5,
,,N Bay sta. 2,7-Mar-16,8:15:00,,4.18,4.47,,10,28.43,31.23,4,
,,N Bay sta. 2,14-Mar-16,8:15:00,,6.62,6.5,,4.75,29.73,29.9,4,
,,N Bay sta. 2,22-Mar-16,8:15:00,,5.77,5.9,,12,29.58,30.22,4.5,
,,N Bay sta. 2,28-Mar-16,8:15:00,,6.89,6.77,,3.25,29.91,30.29,6,
,,N Bay sta. 2,4-Apr-16,8:15:00,,7.07,6.84,,9.75,30.6,31.01,3.5,
,,N Bay sta. 2,11-Apr-16,8:15:00,,6.94,6.81,,3.25,29.67,30.11,3,
,,N Bay sta. 2,18-Apr-16,8:15:00,,9.16,6.93,,10,28.12,31.6,3,
,,N Bay sta. 2,25-Apr-16,8:15:00,,10.75,9.44,,2,29.65,30.49,3.5,
,,N Bay sta. 2,2-May-16,8:15:00,,10.68,10.02,,9.25,29.93,30.66,3,
,,N Bay sta. 2,6-May-16,8:15:00,,10.14,10.05,,12,29.12,29.69,2,
,,N Bay sta. 2,16-May-16,8:15:00,,11.66,10.9,,8.75,30.73,31.32,3,
,,N Bay sta. 2,23-May-16,8:15:00,,14.7,13.49,,1,30.07,30.76,3,
,,N Bay sta. 2,30-May-16,8:15:00,,16.87,14.04,,6.75,30.35,31.16,3,
,,N Bay sta. 3,6-Jun-16,8:15:00,,17.62,17.04,,1,30.61,30.8,2,
,,N Bay sta. 4,13-Jun-16,8:15:00,,16.52,15.92,,7.25,31.09,31.38,2.5,
,,N Bay sta. 5,20-Jun-16,8:15:00,,18.64,17.34,,0,31.02,31.33,2.5,
,,N Bay sta. 2,27-Jun-16,8:15:00,,19.63,18.88,,5.5,31.04,31.15,2.5,
,,N Bay sta. 2,5-Jul-16,8:15:00,,20.84,20.82,,0.75,31.38,31.41,2,
,,N Bay sta. 2,11-Jul-16,8:15:00,,21.79,21.5,,5.75,30.77,31.09,2.5,
,,N Bay sta. 2,18-Jul-16,8:15:00,,23.96,21.72,,11,31.15,31.34,2.5,
,,N Bay sta. 2,25-Jul-16,8:15:00,,23.38,21.73,,4.25,31.37,31.53,3,
,,N Bay sta. 2,4-Aug-16,8:15:00,,23.29,22.97,,1,31.34,31.43,2.5,
,,N Bay sta. 2,10-Aug-16,9:15:00,Heavy rain,23.78,22.3,,4.75,31.56,31.78,2,
,,N Bay sta. 2,16-Aug-16,8:15:00,,26.47,22.98,,10.75,31.16,31.75,2,
,,N Bay sta. 2,22-Aug-16,8:15:00,,24.22,23.6,,3,31.51,31.72,2,
,,N Bay sta. 2,29-Aug-16,8:15:00,,24.38,22.37,,10,31.79,32.03,2.5,
,,N Bay sta. 2,6-Sep-16,8:15:00,Hurricane Hermine,21.65,21.64,,3.5,30.94,30.94,2,
,,N Bay sta. 2,12-Sep-16,8:15:00,,21.56,21.49,,8.5,31.79,31.89,2.5,
,,N Bay sta. 2,19-Sep-16,8:15:00,,21.52,21.52,,2,32.01,32.01,2.5,
,,N Bay sta. 2,26-Sep-16,8:15:00,,20.28,20.29,,9,32.12,32.13,2.5,
,,N Bay sta. 2,3-Oct-16,8:15:00,,17.84,17.83,,1.5,31.32,31.32,3.5,
,,N Bay sta. 2,11-Oct-16,8:15:00,,16.42,16.58,,7.75,31.53,31.59,3.5,
,,N Bay sta. 2,17-Oct-16,8:15:00,,16.43,16.42,,0.75,31.91,31.92,3,
,,N Bay sta. 2,24-Oct-16,8:15:00,,15.98,15.97,,7.5,31.83,31.9,2.5,
,,N Bay sta. 2,31-Oct-16,8:15:00,,13.05,13.21,,0.5,31.45,31.6,3.5,
,,N Bay sta. 2,7-Nov-16,8:15:00,,12.2,12.22,,4.25,30.92,30.91,3,
,,N Bay sta. 2,14-Nov-16,8:15:00,,10.37,11.59,,11,31.06,31.52,3,
,,N Bay sta. 2,21-Nov-16,8:15:00,,9.97,9.99,,5,31.46,31.45,2.5,
,,N Bay sta. 2,29-Nov-16,8:15:00,,7.85,8.05,,11.25,31.08,31.11,3.5,
,,N Bay sta. 2,5-Dec-16,8:15:00,,7.91,8.23,,3,31.16,31.29,4.0,
,,N Bay sta. 2,12-Dec-16,8:15:00,,6.16,6.12,,10.75,31.14,31.24,2.5,
,,N Bay sta. 2,19-Dec-16,8:15:00,,4.42,4.4,,3.5,31.61,31.4,3,
,,N Bay sta. 2,27-Dec-16,8:15:00,,4.48,4.46,,10.25,31.24,31.25,2.5,
,,N Bay sta. 2,3-Jan-17,8:15:00,,3.9,4.09,,2.75,30.68,30.97,3.5,
,,N Bay sta. 2,12-Jan-17,8:15:00,,3.16,3.21,,11.25,30.55,30.9,2.5,
,,N Bay sta. 2,17-Jan-17,8:15:00,,3.21,3.72,,3,30.46,30.86,4,
,,N Bay sta. 2,25-Jan-17,8:15:00,,4.56,4.85,,9.75,29.44,31.38,2.5,
,,N Bay sta. 2,30-Jan-17,8:15:00,,4.05,4.16,,0.75,31.11,31.09,4,
,,N Bay sta. 2,6-Feb-17,8:15:00,,2.97,2.98,,7.25,31.07,31.05,3,
,,N Bay sta. 2,14-Feb-17,8:15:00,,1.5,2.06,,1.75,30.4,30.71,2.5,
,,N Bay sta. 2,21-Feb-17,8:15:00,,3.26,3.52,,7.5,28.5,30.46,2.5,
,,N Bay sta. 2,27-Feb-17,8:15:00,,4.87,4.89,,12,30.95,30.95,3.5,
,,N Bay sta. 2,6-Mar-17,8:15:00,,2.44,3.19,,6,30.74,31.18,3.5,
,,N Bay sta. 2,13-Mar-17,8:15:00,,2.34,2.36,,0.75,31.17,31.17,4,
,,N Bay sta. 2,20-Mar-17,8:15:00,,2.6,2.79,,5.75,29.32,29.78,2.5,
,,N Bay sta. 2,27-Mar-17,8:15:00,,3.61,3.66,,11.75,30.71,30.83,4,
,,N Bay sta. 2,3-Apr-17,8:15:00,,4.83,4.48,,5.75,28.44,30.04,3,
,,N Bay sta. 2,10-Apr-17,8:15:00,,6.66,5.52,,12,28.2,29.8,2.5,
,,N Bay sta. 2,17-Apr-17,8:15:00,,10.56,8.55,,4.5,27.38,28.95,2,
,,N Bay sta. 2,24-Apr-17,8:15:00,,9.62,6.98,,10.75,27.93,31.2,3,
,,N Bay sta. 2,1-May-17,8:15:00,,11.13,10.61,,4.5,29.08,29.31,4.5,
,,N Bay sta. 2,8-May-17,8:15:00,,11.95,11.6,,11.75,29.22,30.15,3,
,,N Bay sta. 2,16-May-17,8:15:00,,11.53,10.99,,4,28.54,30.4,4,
,,N Bay sta. 2,23-May-17,8:15:00,,14.24,12.93,,9.75,29.45,30.39,3,
,,N Bay sta. 2,30-May-17,8:15:00,,14.36,14.26,,4,28.43,29.46,3,
,,N Bay sta. 2,5-Jun-17,8:15:00,,15.93,14.29,,9.75,28.77,30.71,2,
,,N Bay sta. 2,12-Jun-17,8:15:00,,17.86,15.12,,2.25,29.53,30.23,4,
,,N Bay sta. 2,19-Jun-17,8:15:00,,18.49,16.49,,8,29.81,30.44,2.5,
,,N Bay sta. 2,26-Jun-17,8:15:00,,20.84,19.66,,2.25,29.05,30.09,2.5,
,,N Bay sta. 2,2-Jul-17,8:15:00,,22.11,19.17,,7.5,29.32,30.09,2.5,
,,N Bay sta. 2,10-Jul-17,8:15:00,,21.65,19.28,,1,29.1,30.08,2,
,,N Bay sta. 2,17-Jul-17,8:15:00,,22.06,19.31,,6.5,28.48,29.99,2,
,,N Bay sta. 2,24-Jul-17,8:15:00,,22.13,21.76,,0.75,29.43,29.78,2,
,,N Bay sta. 2,31-Jul-17,8:15:00,,20.95,20.05,,7,29.11,29.87,1.5,
,,N Bay sta. 2,7-Aug-17,8:15:00,,21.56,20.79,,0,29.15,29.52,2,
,,N Bay sta. 2,14-Aug-17,8:15:00,,22.53,20.53,,4.75,29.18,29.76,2.5,
,,N Bay sta. 2,21-Aug-17,8:15:00,,20.97,21.87,,12,29.76,29.73,2.5,
,,N Bay sta. 2,28-Aug-17,8:15:00,,21.82,21.78,,4.75,30.29,30.59,3,
,,N Bay sta. 2,5-Sep-17,8:15:00,,19.80,19.64,,0,31.2,31.1,2.5,
,,N Bay sta. 2,11-Sep-17,8:15:00,,17.55,19.85,,4.25,31.10,31.01,2.5,
,,N Bay sta. 2,18-Sep-17,8:15:00,,21.47,20.81,,11.25,31.00,31.20,2.5,
,,N Bay sta. 2,25-Sep-17,8:15:00,,19.52,19.30,,3.75,31.31,31.59,3,
,,N Bay sta. 2,2-Oct-17,8:15:00,,14.81,18.67,,10.25,31.85,31.53,2,
,,N Bay sta. 2,10-Oct-17,8:15:00,,19.48,19.43,,4,32.27,32.17,3,
,,N Bay sta. 2,16-Oct-17,8:15:00,,18.62,18.63,,10,32.25,32.36,3,
,,N Bay sta. 2,23-Oct-17,8:15:00,,17.18,17.19,,3,32.23,32.01,2.5,
,,N Bay sta. 2,31-Oct-17,8:15:00,,14.76,16.11,,9.5,32.36,32.03,2.5,
,,N Bay sta. 2,6-Nov-17,8:15:00,,15.27,15.27,,1.25,31.4,31.35,3,
,,N Bay sta. 2,13-Nov-17,8:15:00,,10.93,11.14,,6.75,30.35,30.46,3.5,
,,N Bay sta. 2,20-Nov-17,8:15:00,,10.06,10.57,,0.25,30.88,31.17,3,
,,N Bay sta. 2,27-Nov-17,8:15:00,,9.36,10.77,,5.25,30.38,31.3,3.5,
,,N Bay sta. 2,4-Dec-17,8:15:00,,8.45,8.98,,0,30.09,30.57,3,
,,N Bay sta. 2,11-Dec-17,8:15:00,,7.61,8.87,,6,30.13,30.89,3,
,,N Bay sta. 2,18-Dec-17,8:15:00,,4.76,4.76,,11.5,30.55,30.57,4,
,,N Bay sta. 2,27-Dec-17,8:15:00,,3.93,5.88,,5.75,30.5,31.33,3,
,,N Bay sta. 2,3-Jan-18,8:15:00,,1.58,1.57,,0,31.77,31.81,3,
,,N Bay sta. 2,11-Jan-18,8:15:00,,-1.14,,,7.25,30.99,,2.5,
,,N Bay sta. 2,19-Jan-18,8:15:00,,-0.07,1.96,,0.5,28.33,30.77,1.5,
,,N Bay sta. 2,22-Jan-18,8:15:00,,1.58,1.77,,2.75,29.48,30.1,2,
,,N Bay sta. 2,29-Jan-18,8:15:00,,2.35,2.94,,9.5,28.31,30.11,2,
,,N Bay sta. 2,5-Feb-18,8:15:00,,2.06,2.16,,3,29.54,30.05,3,
,,N Bay sta. 2,12-Feb-18,8:15:00,,2.88,3.02,,9.5,28.65,31.1,4,
,,N Bay sta. 2,19-Feb-18,8:15:00,,3.28,3.45,,1.5,27.87,31.64,4,
,,N Bay sta. 2,26-Feb-18,8:15:00,,5.07,3.81,,8.25,26.53,31.29,4,
,,N Bay sta. 2,5-Mar-18,8:15:00,,4.14,4.23,,1.75,27.72,28.16,3,
,,N Bay sta. 2,12-Mar-18,8:15:00,,3.6,4.32,,9,27.57,30.17,4,
,,N Bay sta. 2,19-Mar-18,8:15:00,,3.08,3.28,,1.5,29.93,30.15,4,
,,N Bay sta. 2,26-Mar-18,8:15:00,,3.85,3.9,,8,28.46,29,3.5,
,,N Bay sta. 2,2-Apr-18,8:15:00,,5.39,5.43,,1.75,30.26,30.31,4,
,,N Bay sta. 2,9-Apr-18,8:15:00,,5.03,5.43,,7,30.39,30.64,3,
,,N Bay sta. 2,18-Apr-18,8:15:00,,6.31,6.07,,1.5,30.2,32.5,2.5,
,,N Bay sta. 2,23-Apr-18,8:15:00,,7.7,6.63,,5.5,29.7,30.5,3.5,
,,N Bay sta. 2,30-Apr-18,8:15:00,,9.95,9,,0.5,31.95,33.88,3.5,
,,N Bay sta. 2,7-May-18,10:30:00,,13.05,12.24,,3.5,30.45,32.72,3.5,
,,N Bay sta. 2,14-May-18,10:30:00,,13.7,9.37,,10.25,30.64,33.78,4,
,,N Bay sta. 2,21-May-18,10:30:00,,14.09,12.9,,3.25,32.35,33.25,4,
,,N Bay sta. 2,28-May-18,10:30:00,,16.06,15.62,,9.5,31.58,32.5,3.5,
,,N Bay sta. 2,4-Jun-18,10:30:00,,16.74,15.6,,1.5,33.2,33.4,3,
,,N Bay sta. 2,12-Jun-18,10:30:00,,16.86,15.59,,3.25,30.28,31.39,3,
,,N Bay sta. 2,18-Jun-18,10:30:00,,18.23,17.12,,2.25,31.82,31.01,3,
,,N Bay sta. 2,25-Jun-18,10:30:00,,19.63,17.15,,9,31.63,32.58,3.5,
,,N Bay sta. 2,3-Jul-18,8:00:00,,22.83,19.21,,4,31.75,32.25,2,
,,N Bay sta. 2,9-Jul-18,8:00:00,,22.08,19.32,,9,31.75,32.25,2,
,,N Bay sta. 2,16-Jul,8:00:00,,22.47,21.82,,3,30.74,30.76,2.5,
,,N Bay sta. 2,23-Jul-18,8:00:00,,23.06,22.92,,9,31.01,30.86,2.5,
,,N Bay sta. 2,30-Jul-18,8:00:00,,24.67,24.36,,2,31.2,31.22,2.5,
,,N Bay sta. 2,8-Aug-18,8:00:00,,25.43,23.17,,7.5,30.87,31.11,3.5,
,,N Bay sta. 2,14-Aug-18,8:00:00,,24.44,24.02,,2.25,30.16,30.38,2.5,
,,N Bay sta. 2,20-Aug-18,8:00:00,,24.03,23.94,,7.75,29.47,29.87,3,
,,N Bay sta. 2,27-Aug-18,8:00:00,,21.88,22.5,,1,31.46,30.92,3,
,,N Bay sta. 2,4-Sep-18,8:00:00,,23.99,21.81,,5.25,31.26,31.59,2.5,
,,N Bay sta. 2,10-Sep-18,8:00:00,,21.42,21.47,,0.5,31.81,31.75,2.5,
,,N Bay sta. 2,17-Sep-18,8:00:00,,21.84,21.01,,7,30.18,30.79,2,
,,N Bay sta. 2,24-Sep-18,8:00:00,,20.3,20.28,,0,30.64,30.49,2,
,,N Bay sta. 2,1-Oct-18,8:00:00,,18.8,19.49,,5,29.04,30.65,2.5,
,,N Bay sta. 2,8-Oct-18,8:00:00,,18.9,19.08,,12,29.51,29.47,2.5,
,,N Bay sta. 2,15-Oct-18,8:00:00,,16.2,18.2,,5,29.97,30.22,2.5,
,,N Bay sta. 2,22-Oct-18,8:00:00,,14.8,14.5,,11,30.84,30.71,2.5,
,,N Bay sta. 2,26-Oct-18,8:00:00,,12.9,12.97,,6.6,30.96,30.8,2.5,
,,N Bay sta. 2,5-Nov-18,8:00:00,,12.32,12.97,,9.6,28.86,30.26,4,
,,N Bay sta. 2,11-Nov-18,8:00:00,,10.49,12.63,,2.6,28.72,29.91,3,
,,N Bay sta. 2,19-Nov-18,8:00:00,,8.17,11.8,,8.5,26.03,32.38,4,
,,N Bay sta. 2,26-Nov-18,8:00:00,,7.31,7.88,,1.5,28.41,30.52,3,
,,N Bay sta. 2,3-Dec-18,8:00:00,,7.49,8.7,,8.5,27.7,25.51,3.5,
,,N Bay sta. 2,10-Dec-18,8:00:00,,5.09,7.4,,1.5,30.12,30.95,3,
,,N Bay sta. 2,17-Dec-18,8:00:00,,5.56,6.2,,6.75,29,30,3.5,
,,N Bay sta. 2,26-Dec-18,8:00:00,,4.9,5,,2.25,28,29,2.5,
,,N Bay sta. 2,31-Dec-18,8:00:00,,5.78,6.43,,6,28.67,29.8,3,
,,N Bay sta. 2,7-Jan-19,8:00:00,,5.06,5.75,,0.25,27.75,28.34,2,
,,N Bay sta. 2,14-Jan-19,8:00:00,,2.84,3.21,,4.75,27.96,28.2,3,
,,N Bay sta. 2,22-Jan-19,8:00:00,,2.62,2.63,,0,29.63,28.7,1.5,
,,N Bay sta. 2,28-Jan-19,8:00:00,,1.48,3.46,,5.5,29.97,29.5,2,
,,N Bay sta. 2,4-Feb-19,8:00:00,,2.6,3.41,,0,28.08,29.44,2.5,
,,N Bay sta. 2,11-Feb-19,8:00:00,,1.9,2.32,,3.75,28.38,28.91,2.5,
,,N Bay sta. 2,18-Feb-19,8:00:00,,2.92,3.62,,10.66,28.81,25.13,4,
,,N Bay sta. 2,27-Feb-19,8:00:00,,2.79,3.15,,6.25,29.57,29.73,3,
,,N Bay sta. 2,6-Mar-19,8:00:00,,2.19,2.92,,0,28.56,29.73,2,
,,N Bay sta. 2,11-Mar-19,8:00:00,,2.54,2.85,,3.5,27.82,29.33,2.5,
,,N Bay sta. 2,18-Mar-19,8:00:00,,4.23,4.74,,11,29.51,30.26,3.5,
,,N Bay sta. 2,25-Mar-19,8:00:00,,5.22,5.17,,4,29.18,29.83,3,
,,N Bay sta. 2,1-Apr-19,8:00:00,,6.15,6,,10.5,29.4,29.87,2.5,
,,N Bay sta. 2,8-Apr-19,8:00:00,,8.31,7.21,,2.5,28.72,29.46,4,
,,N Bay sta. 2,17-Apr-19,8:00:00,,7.9,8.5,,12,30.1,31.5,3.5,
,,N Bay sta. 2,22-Apr-19,8:00:00,,10.75,9.87,,2.75,28.7,29.74,4,
,,N Bay sta. 2,29-Apr-19,8:00:00,,10.39,8.89,,9,24.77,30.64,3,
,,N Bay sta. 2,6-May-19,8:00:00,,10.05,,,1.25,,,2.5,
,,N Bay sta. 2,13-May-19,8:00:00,,,,,8,,,2.5,
,,N Bay sta. 2,20-May-19,8:00:00,,12.54,12.34,,1.5,29.35,29.56,3,
,,N Bay sta. 2,28-May-19,8:00:00,,16.73,16.67,,8,27.86,28.92,4.5,
,,N Bay sta. 2,3-Jun-19,8:00:00,,16.28,13.72,,0.5,28.41,30.4,3.5,
,,N Bay sta. 2,10-Jun-19,8:00:00,,17.5,15.57,,7,27.99,29.67,3.5,
,,N Bay sta. 2,17-Jun-19,8:00:00,,17.78,17.48,,0.75,30.94,31.05,2.5,
,,N Bay sta. 2,24-Jun-19,8:00:00,,19.31,17.5,,6,28.52,30.05,2,
,,N Bay sta. 2,1-Jul-18,8:00:00,,21.37,19.28,,11.75,29.13,30.67,2.5,
,,N Bay sta. 2,8-Jul-19,8:00:00,,22.3,20.58,,5.5,29.96,30.6,2,
,,N Bay sta. 2,15-Jul-19,8:00:00,,23.47,21.43,,11.75,30.01,30.72,3,
,,N Bay sta. 2,22-Jul-19,8:00:00,,25.47,21.55,,10,29.88,30.58,3.5,
,,N Bay sta. 2,29-Jul-19,8:00:00,,23.09,23.08,,3.5,30.53,30.51,2,
,,N Bay sta. 2,5-Aug-19,8:00:00,,23.21,20.97,,4,30.08,30.81,2.5,
,,N Bay sta. 2,12-Aug-19,8:00:00,,22.38,19.31,,10.75,30.88,31.9,3,
,,N Bay sta. 2,20-Aug-19,8:00:00,,23.49,22.8,,3.5,30.95,30.96,2,
,,N Bay sta. 2,26-Aug-19,8:00:00,,21.69,,,8.75,30.32,,3,
,,N Bay sta. 2,3-Sep-19,8:00:00,,21.3,21.25,,3.5,31.2,31.19,2.5,
,,N Bay sta. 2,9-Sep-19,8:00:00,,20.2,20.33,,9.5,30.64,31.12,2.5,
,,N Bay sta. 2,16-Sep-19,8:00:00,,20.91,20.8,,1.5,31.34,31.37,2.5,
,,N Bay sta. 2,23-Sep-19,8:00:00,,19.73,19.14,,7.25,31.36,31.75,2.5,
,,N Bay sta. 2,2-Oct-19,8:00:00,,19.45,19.29,,3,31.79,32.03,2.5,
,,N Bay sta. 2,7-Oct-19,8:00:00,,17.5,17.51,,8,31.87,31.9,3,
,,N Bay sta. 2,14-Oct-19,8:00:00,,15.42,15.62,,0.5,31.52,31.92,3.5,
,,N Bay sta. 2,21-Oct-19,8:00:00,,14.19,14.23,,6,31.5,31.62,3.5,
,,N Bay sta. 2,28-Oct-19,8:00:00,,14.44,14.45,,0,31.72,31.73,3,
,,N Bay sta. 2,4-Nov-19,8:00:00,,12.84,13.8,,5,31.08,31.84,3.5,
,,N Bay sta. 2,11-Nov-19,8:00:00,,11.03,11.34,,11,31.43,31.59,2.5,
,,N Bay sta. 2,20-Nov-19,8:00:00,,8.37,7.5,,5.5,30.08,30.51,4,
,,N Bay sta. 2,25-Nov-19,8:00:00,,8.42,8.46,,10.5,31.58,31.65,2.5,
,,N Bay sta. 2,4-Dec-19,8:00:00,,4.74,5.73,,5.5,30.32,31.02,3,
,,N Bay sta. 2,9-Dec-19,8:00:00,,5.59,5.79,,9.5,31.68,31.84,3,
,,N Bay sta. 2,16-Dec-19,8:00:00,,5.91,5.89,,2.5,30.72,30.76,2.5,
,,N Bay sta. 2,20-Dec-19,8:00:00,,4.51,5.28,,6.25,30,30.94,2.5,
,,N Bay sta. 2,31-Dec-19,8:00:00,,4.97,5.13,,3.15,29.35,29.95,3,
,,N Bay sta. 2,6-Jan-20,8:00:00,,4.56,5.87,,8,29.55,31.66,4.5,
,,N Bay sta. 2,13-Jan-20,8:00:00,,6.46,6.56,,1.25,31.59,31.63,3,
,,N Bay sta. 2,20-Jan-20,8:00:00,,3.87,3.91,,7.75,30.78,30.79,2.5,
,,N Bay sta. 2,27-Jan-20,8:00:00,,3.85,4.08,,1.25,30.58,30.89,3,
,,N Bay sta. 2,4-Feb-20,8:00:00,,3.85,4.91,,7.25,29.87,31.7,3.5,
,,N Bay sta. 2,12-Feb-20,8:00:00,,4.73,4.74,,1.75,31.33,31.32,2,
,,N Bay sta. 2,17-Feb-20,8:00:00,,3.52,3.94,,6.25,30.44,30.87,6,
,,N Bay sta. 2,25-Feb-20,8:00:00,,4.39,4.34,,0.75,30.96,31.16,3,
,,N Bay sta. 2,2-Mar-20,8:00:00,,3.79,4.17,,4.25,30.17,30.95,4,
,,N Bay sta. 2,9-Mar-20,8:00:00,,5.16,5.24,,0,30.4,30.64,3,
,,N Bay sta. 2,16-Mar-20,8:00:00,,6.7,6.73,,5.75,30.71,30.66,2.5,
,,GSO Dock,23-Mar-20,14:00:00,,NaN,NaN,,6.25,NaN,NaN,2,
,,GSO Dock,30-Mar-20,7:00:00,,6.85,NaN,,5.5,29.79,NaN,1,
,,GSO Dock,6-Apr-20,13:30,,8.71,NaN,,6,30.92,NaN,2,
,,GSO Dock,14-Apr-20,8:00:00,,7.93,NaN,,5,31.98,NaN,1,
,,GSO Dock,20-Apr-20,14:00:00,,8.13,NaN,,5,30.78,NaN,2,
,,GSO Dock,27-Apr-20,8:00:00,,8.12,NaN,,3.5,29.09,NaN,2,
,,GSO Dock,4-May-20,10:00:00,,9.75,NaN,,8,30.25,NaN,3,
,,GSO Dock,11-May-20,6:45:00,,12.29,NaN,,5,30.53,NaN,2,
,,GSO Dock,18-May-20,10:30:00,,12.23,NaN,,8.5,30.49,NaN,2,
,,N Bay sta. 2,26-May-20,8:00:00,,14.47,12.2,,3,28.05,30.5,3,
,,N Bay sta. 2,1-Jun-20,8:00:00,,15.76,13.83,,8.75,29.92,31.38,2.5,
,,N Bay sta. 2,8-Jun-20,8:00:00,,16.98,16.56,,2.25,30.28,30.66,2.5,
,,N Bay sta. 2,12-Jun-20,8:00:00,,19.08,18.68,,5.5,29.51,30.03,2,
,,N Bay sta. 2,22-Jun-20,8:00:00,,20.5,18.37,,1,30.8,31.25,3,
,,N Bay sta. 2,29-Jun-20,8:00:00,,22.65,19.64,,6.75,30.71,31.98,2.5,
,,N Bay sta. 2,6-Jul-20,8:00:00,,21.87,20.91,,1.25,30.9,31.35,2,
,,N Bay sta. 2,13-Jul-20,8:00:00,,23.17,22.01,,6,31.46,31.72,2,
,,N Bay sta. 2,20-Jul-20,8:00:00,,23.37,22.98,,0,31.35,31.55,1.5,
,,N Bay sta. 2,27-Jul-20,8:00:00,,23.85,22.22,,6,31.4,31.71,2,
,,N Bay sta. 2,3-Aug-20,8:00:00,,23.42,22.66,,0,31.86,31.98,2.5,
,,N Bay sta. 2,10-Aug-20,8:00:00,,24.42,23.4,,5,31.96,32.06,2.75,
,,,,,,,,,,,,,
